order_id,user_id,order_date,product_id,category,price,quantity,discount,payment_method,delivery_status,country,device,total
e3e70682-c209-4cac-a29f-6fbed82c07cd,e5a1bdae-a747-495e-b0c9-52af9db31510,2023-06-22,47905535,Books,1498.00,4,16%,Credit Card,Cancelled,Germany,Mobile,5033.28
f728b4fa-4248-4e3a-8a5d-2f346baa9455,ca6ef7ce-74db-49f3-92a3-3c33037e5725,2023-02-17,3738306,Toys,6723.00,3,7%,COD,Cancelled,UK,Tablet,18757.17
eb1167b3-67a9-4378-bc65-c1e582e2e662,b1e186d7-df25-4e5d-befa-9c478dd6650f,2023-04-28,23771949,Home,6570.00,1,7%,Credit Card,Delivered,Germany,Desktop,6110.1
f7c1bd87-4da5-4709-9471-3d60c8a70639,dba45b5e-1498-465b-b9fe-0a1b7efbe877,2023-07-12,46541918,Clothing,6625.00,3,8%,PayPal,Pending,Germany,Desktop,18285
e443df78-9558-467f-9ba9-1faf7a024204,66e51767-dcb3-4e4a-891d-fa7b0d3dc6aa,2023-11-20,75991326,Home,1570.00,2,11%,Bank Transfer,Cancelled,Germany,Mobile,2794.6
23a7711a-8133-4876-b7eb-dcd9e87a1613,eceb9505-dbc3-4e56-88a1-7945ca6d3e06,2023-09-09,63074284,Home,8470.00,2,9%,Bank Transfer,Returned,Germany,Desktop,15415.4
1846d424-c17c-4279-a3c6-612f48268673,840fbb0b-a5e3-47af-871d-ade6432255ee,2023-07-15,52185519,Toys,3109.00,2,12%,PayPal,Pending,USA,Tablet,5471.84
fcbd04c3-4021-4ef7-8ca5-a5a19e4d6e3c,1480f037-d39a-4bb0-962b-68d41880fa4b,2023-12-26,53348661,Clothing,8380.00,2,16%,Credit Card,Delivered,India,Mobile,14078.4
b4862b21-fb97-4435-8856-1712e8e5216a,19365f61-f484-478d-9bc9-e8895567a84c,2023-01-10,60271426,Home,2665.00,3,6%,PayPal,Delivered,India,Desktop,7515.3
259f4329-e6f4-490b-9a16-4106cf6a659e,277e5c18-0877-4fe6-b7d8-70b678ac8704,2023-07-31,83975295,Home,7777.00,1,8%,PayPal,Returned,USA,Tablet,7154.84
12e0c8b2-bad6-40fb-9948-8dec4f65d4d9,ce03a34d-a022-4fee-843f-b606e8b7e2da,2023-10-05,29643127,Books,1049.00,2,6%,COD,Returned,UK,Desktop,1972.12
5487ce1e-af19-422a-99b8-a714e61a441c,002f9cc4-096b-4aff-b5b7-751f497e28aa,2023-08-31,27862049,Home,4801.00,3,14%,COD,Returned,Germany,Desktop,12386.58
5a921187-19c7-4df4-8f4f-f31e78de5857,f1c51dda-2828-4370-9672-ebc7606e8502,2023-10-20,79151177,Clothing,3726.00,4,9%,Bank Transfer,Pending,France,Mobile,13562.64
a3f2c9bf-9c63-46b9-90f2-44556f25e2a2,291a58af-259a-4b28-b22b-89748c5c192f,2023-03-29,38009174,Toys,7659.00,2,18%,Credit Card,Cancelled,USA,Mobile,12560.76
8d723104-f773-43c1-b458-a748e9bb17bc,28b299bc-ebbe-4a41-8781-e11f2cb38568,2023-03-12,49486230,Toys,9819.00,4,11%,COD,Delivered,India,Mobile,34955.64
85776e9a-dd84-439e-b154-5a137a1d5006,f172840f-3e19-40ba-ae09-ccfba3dee81f,2023-03-30,19827308,Clothing,2537.00,2,10%,PayPal,Returned,France,Desktop,4566.6
eb2083e6-ce16-4dba-8ff1-8e0242af9fc3,540988e7-9fed-4060-af23-d4afe0ff58a5,2023-11-11,32922998,Books,759.00,2,9%,PayPal,Pending,UK,Desktop,1381.38
17e0aa3c-0398-4ca8-aa7e-9d498c778ea6,f5657d00-7ba0-4f58-861a-e8d1f212cc6f,2023-07-13,21141492,Books,7686.00,3,7%,Bank Transfer,Returned,India,Tablet,21443.94
b5d32b16-6619-4cb1-9710-37d1b83e90ec,65ea29d1-adae-4e45-a036-e74be34d7804,2023-02-09,79496018,Books,6111.00,1,7%,Credit Card,Pending,France,Mobile,5683.23
a0116be5-ab0c-4681-88f8-e3d0d3290a4c,a2bb6283-3d83-4d7c-b9f7-06d40b4ea16d,2023-03-29,27055465,Books,1184.00,3,6%,COD,Delivered,UK,Mobile,3338.88
d3fbf47a-7e5b-4e7f-9ca5-499d004ae545,f75a7e6f-2b86-4694-941d-1a814815642c,2023-06-24,60433190,Clothing,3818.00,3,7%,Credit Card,Returned,Germany,Tablet,10652.22
baf3897a-3e70-416a-9548-5822de1b372a,29e316ad-39dd-4477-9a22-0eb23cf9d1fe,2023-03-30,23837508,Toys,3287.00,4,8%,PayPal,Cancelled,India,Desktop,12096.16
101fbccc-ded7-43e8-b421-eaeb534097ca,5d005716-7680-491b-abb6-204ee0db22d3,2023-12-04,46988256,Books,7639.00,3,10%,PayPal,Pending,USA,Tablet,20625.3
38c1962e-9148-424f-aac1-c14f30e9c5cc,62f25291-2353-4455-90bc-cb66e0631450,2023-06-15,98634170,Toys,6848.00,3,7%,Bank Transfer,Delivered,France,Tablet,19105.92
247a8333-f7b0-47d2-8da8-056c3d15eef7,2982100c-0372-4e33-8550-7d2b909e7f78,2023-01-26,43441525,Home,3445.00,3,5%,Bank Transfer,Pending,India,Mobile,9818.25
1759edc3-72ae-4244-8b01-63c1cd9d2b7d,afdb4e0b-0171-4f1d-956a-2f20ee283bb7,2023-11-30,70670486,Electronics,8324.00,1,11%,Bank Transfer,Delivered,France,Mobile,7408.36
e005b860-51ef-4922-be43-c49e149818d1,2c05b870-cd34-4cd7-b7ed-75b463d0fccd,2023-03-14,96799833,Home,9467.00,4,6%,Bank Transfer,Cancelled,USA,Desktop,35595.92
7d41e602-eece-428b-bf7b-118e820865d6,06714938-04fe-473d-a61c-ec19fff83cec,2023-09-23,20416430,Toys,4105.00,2,15%,PayPal,Delivered,Germany,Desktop,6978.5
4a84eb03-8d1f-49b7-8d2b-9deb1beb3711,00f24603-8295-4fe0-92c5-53b5d2f74429,2023-04-26,77486295,Books,9439.00,2,12%,Bank Transfer,Delivered,France,Desktop,16612.64
552f233a-8c25-466a-9ff3-9849b4e1357d,ecf150e6-c6f1-49c7-8c15-a57509c64c1d,2023-09-01,74203543,Books,6686.00,4,12%,PayPal,Returned,Germany,Mobile,23534.72
3405095c-8a50-46c1-ac18-8efbd080e66e,25cf51c4-9c89-4296-92b0-35e01ca5a2f5,2023-07-17,10645932,Home,9042.00,4,8%,COD,Cancelled,Germany,Mobile,33274.56
8c1745a7-9a6a-4f92-8ca7-4147f6be1f72,c96ef1a5-ac70-4464-a734-f9bbc7405255,2023-12-02,56213577,Books,6309.00,3,6%,COD,Delivered,UK,Tablet,17791.38
1775336d-71ea-4d05-89a3-e80e966e1277,6b325d48-06c4-4109-89a6-e611613f718d,2023-12-05,72566657,Clothing,423.00,4,11%,PayPal,Returned,UK,Mobile,1505.88
5129fb7c-6288-41a5-8c45-782198a6416d,afb9f3a8-e9e7-41ba-916b-51ee6faefeda,2023-04-10,91187215,Books,9856.00,3,11%,PayPal,Cancelled,India,Mobile,26315.52
2f120554-4a53-48cc-bdfa-bc08935ddd72,ec2b5e21-3f7a-48e0-b611-8bd6553a773a,2023-06-27,8673619,Home,8745.00,3,8%,Bank Transfer,Returned,Germany,Mobile,24136.2
0870e15c-2fcd-41b5-924b-ace4307bf326,37773772-829f-47ba-9d30-db822348e1b7,2023-09-01,60492449,Electronics,5504.00,2,7%,Credit Card,Pending,Germany,Desktop,10237.44
42930b33-a81a-4477-bb36-75b89cdeb3e6,213a6ad8-12b3-4a24-a67f-ceeb8889832c,2023-10-13,81850204,Toys,4734.00,4,7%,Bank Transfer,Returned,USA,Desktop,17610.48
adc0da7a-16fe-4aa0-91af-923d79fdef7c,59c07423-a89f-4916-90ec-83746862dc24,2023-05-28,15573353,Clothing,4995.00,2,18%,PayPal,Cancelled,UK,Tablet,8191.8
2648ee38-e074-45eb-a156-63abc1f254b8,e54ce0de-6e79-4a92-98b7-f1a2f74f1905,2023-05-28,97482765,Books,1748.00,4,11%,Bank Transfer,Delivered,Germany,Mobile,6222.88
148b2758-d7ab-4928-89e4-69e6ec62b2c8,61bafa39-789c-4c72-bee2-9e686fa00319,2023-10-16,1015348,Toys,8542.00,2,7%,Credit Card,Delivered,UK,Desktop,15888.12
d450fe4a-ec4f-417b-b306-d1a8e5eeac76,3d7439ee-6514-4471-aa95-1570399bcb79,2023-09-23,81841189,Electronics,2568.00,3,9%,Bank Transfer,Pending,India,Mobile,7010.64
d67e55fd-642b-4a42-aef9-c00b8a64c1b9,eba08424-65a5-4c1f-bb2e-cfc5a53011a2,2023-07-05,94031270,Home,2899.00,3,14%,PayPal,Delivered,UK,Tablet,7479.42
85940927-468f-453d-864a-7a50b48d73f1,409b3c5b-d5e8-489c-91ab-249d94d50a99,2023-05-08,22742797,Books,5029.00,2,10%,PayPal,Delivered,UK,Desktop,9052.2
37176e84-d977-4993-bc49-d76fcfc6e625,86ce563d-e291-45e1-869f-c269ff7acd86,2023-02-02,8601148,Clothing,3487.00,3,5%,PayPal,Delivered,UK,Tablet,9937.95
d3447490-96fd-45d0-adf2-0806e5214606,9aa1ecd6-058f-48d5-8ad6-cc515f2e1048,2023-02-01,16346376,Clothing,8312.00,1,5%,PayPal,Returned,India,Mobile,7896.4
46743741-9466-4472-ab5f-5241f323ca74,e072caae-797c-47bf-8793-85209c921e7f,2023-07-22,98852604,Books,8345.00,2,18%,Bank Transfer,Pending,India,Tablet,13685.8
a425799a-a905-4750-be1e-a9c573581a81,9c684df1-0a51-4e87-86ba-68553cad275a,2023-09-02,96934586,Electronics,5180.00,2,17%,PayPal,Returned,India,Desktop,8598.8
fb82860d-eabc-48d0-b341-facdff0ac0f1,6409df32-cc4e-46da-9e09-89b952526d45,2023-06-01,57745428,Home,2237.00,4,10%,Bank Transfer,Delivered,USA,Desktop,8053.2
5306f3f5-1516-4570-9b7c-709acb175a5a,88d3281a-1b4e-4428-a048-3bb2f6d080c4,2023-06-13,23750579,Clothing,4016.00,3,15%,Credit Card,Cancelled,France,Tablet,10240.8
964a870c-7c87-4b74-9d87-8f9f9cdf5a86,24eac3f4-0c78-42f9-9a41-8b24e0acf9ff,2023-07-03,94301786,Books,7737.00,1,13%,PayPal,Delivered,Germany,Desktop,6731.19
30bcab0e-d857-4102-95d4-4936a1515607,c48ae374-06dc-4579-a476-40a1b6a659ef,2023-01-29,23695825,Books,7803.00,4,12%,Bank Transfer,Returned,USA,Mobile,27466.56
4562be7f-bb42-40b2-8426-465e3e37952d,f9fb4010-dec7-42b7-bb22-fa316bc9e970,2023-10-18,7677502,Home,7771.00,2,10%,Credit Card,Delivered,UK,Desktop,13987.8
5f3f5638-3870-4a14-b490-b6081dfc8352,1ad566c3-ecb0-4f48-aed6-3ea464a2bc48,2023-05-09,39317216,Electronics,5378.00,1,8%,Bank Transfer,Pending,UK,Mobile,4947.76
6d16ee18-5521-46dd-aba4-b180cb69ca38,7644d183-9aab-422d-b5ef-8aabb693f4ef,2023-05-09,88694313,Clothing,3604.00,1,14%,Credit Card,Returned,Germany,Desktop,3099.44
c87a7463-19c1-4a0d-8feb-d845d0dfae43,796f9881-572a-4b53-ab6b-7b4229502326,2023-02-23,60875037,Home,6017.00,3,9%,PayPal,Returned,Germany,Desktop,16426.41
38018b47-b29a-4b06-9af6-6c5f2577bffa,eb1d1061-9717-4a6e-a8b4-d5b9693d993c,2023-02-08,94678413,Books,2607.00,2,17%,COD,Delivered,India,Tablet,4327.62
a25b59fd-92e8-4269-912e-cbc40b9475b1,c30759a4-48a1-43ab-9d55-daaffefc5b4a,2023-09-02,1566635,Electronics,2340.00,4,9%,Credit Card,Returned,USA,Desktop,8517.6
9a27d858-88c1-42ad-afbf-c19ee8f6cf32,5e47c2a0-eef6-4139-9ccd-d34080e97f74,2023-10-01,47680647,Home,8542.00,1,10%,Bank Transfer,Cancelled,France,Mobile,7687.8
1fdb8b32-06d5-49e8-92f1-75ffae3b16ec,5b8d11ba-a0ec-4e5a-a487-8d19586d7f41,2023-12-02,72666999,Toys,9395.00,2,15%,Credit Card,Delivered,India,Mobile,15971.5
d480865f-9b38-4e80-b042-e325a28f5ab0,84caa7c8-a159-4b4f-b901-726fc421325a,2023-04-16,47854697,Home,9883.00,3,5%,COD,Returned,UK,Desktop,28166.55
176ea1b1-6426-4cd5-9ea4-5cd69371a71f,e08c28eb-3218-4fbf-8dcc-bbedc0e0d55b,2023-02-12,25067743,Books,8924.00,2,10%,Bank Transfer,Delivered,UK,Mobile,16063.2
1db53334-fb03-43a1-9576-d4155ec17dbe,b934718f-2d49-4ca2-81f4-317df5141524,2023-02-01,13536091,Home,9370.00,3,15%,Bank Transfer,Cancelled,UK,Mobile,23893.5
31d0b664-0589-4877-9b02-52440950fd13,614f1ddc-4bc9-42ce-931d-a6ac956c2129,2023-09-15,52271120,Books,8551.00,2,12%,Bank Transfer,Returned,UK,Tablet,15049.76
b7d6467b-2f5a-422a-b87f-43fdf6062541,8d2ad974-4a86-4655-8a9d-499ca2698c2d,2023-11-18,90320866,Toys,9022.00,4,14%,Credit Card,Cancelled,USA,Mobile,31035.68
ba26d851-35e8-479a-baaf-0e891fb797fa,69199a8a-aea6-4315-88ef-444a6e63ffa4,2023-02-27,62467483,Home,7159.00,2,8%,Credit Card,Pending,Germany,Tablet,13172.56
ade9b2b4-efdd-45f8-8fa3-4266ccfdba9b,354af1bd-ba56-42f7-a00a-a45e44e1b08c,2023-10-19,2721170,Home,8148.00,4,9%,Bank Transfer,Delivered,UK,Desktop,29658.72
9edfa3da-6cf5-4b15-8b53-031d05d51433,1c3c8d35-21d4-4b7e-a258-7c8958ccf9b4,2023-12-25,44460945,Home,7926.00,3,17%,COD,Pending,USA,Tablet,19735.74
11ebcd49-428a-4c22-95fd-b76a19fbeb1d,07fe6a4e-2a6f-4e47-9b61-f92b9cf600ec,2023-04-30,57104379,Clothing,1104.00,1,12%,COD,Returned,UK,Tablet,971.52
4d125e7f-a59c-4c98-926c-bc8f38884479,76a933cf-65fd-4f69-93a2-5c9b6e3a52d7,2023-09-25,48361606,Home,3872.00,1,12%,Bank Transfer,Pending,India,Mobile,3407.36
0fa07a3f-2e29-4065-afa2-31e959acdd98,b5004950-b5f5-4316-a453-35cc137fcd2b,2023-03-24,1504408,Clothing,4909.00,4,6%,Bank Transfer,Delivered,Germany,Desktop,18457.84
98b33c6e-0a14-490a-b795-e98680ee526e,6ce8d7dc-c71d-42d6-93ec-5718ae4a741a,2023-04-02,902922,Electronics,3706.00,2,8%,Credit Card,Delivered,India,Mobile,6819.04
642aad48-fcfc-4a81-b306-d70019d5f970,2367ad9e-8dcd-4d64-b9e8-e4ee8b7f6d7a,2023-04-10,71920825,Electronics,8398.00,2,13%,COD,Cancelled,India,Desktop,14612.52
e786ab37-5bca-47be-8298-17c53308fb2e,2a1ace85-351c-4aac-a728-ec952b52dab1,2023-02-23,11191315,Toys,9420.00,2,6%,PayPal,Cancelled,UK,Tablet,17709.6
e6fd68e8-d69c-41c2-b860-1602bb4a06cb,22b3ce34-867a-4ac9-879b-e4e53a6e8f12,2023-05-02,76117787,Toys,6912.00,1,20%,Credit Card,Delivered,Germany,Mobile,5529.6
b29c467d-2b5f-4932-91dc-59efeb21a3f6,e65d1c73-5b62-47c9-be38-01afd1a8d7b0,2023-03-26,28125686,Home,2289.00,3,11%,PayPal,Pending,India,Mobile,6111.63
c470f0e7-f76f-4fb8-b412-fc12ac322c12,49bcf4a8-bc62-44a8-9f93-e802e1c25cd1,2023-07-23,21808319,Electronics,5202.00,3,18%,PayPal,Cancelled,Germany,Mobile,12796.92
28805c5d-ad1b-4f60-89e4-dab20edc6d2b,af273f40-55cd-472e-8b10-cf68b7691470,2023-11-21,65858981,Toys,4302.00,3,17%,Credit Card,Returned,USA,Tablet,10711.98
878b9f6b-57a1-4b71-a975-d279d86dbf11,ea045534-f679-4fd3-8d74-afec1e548a7c,2023-09-20,64391298,Books,1745.00,1,17%,PayPal,Pending,UK,Tablet,1448.35
ebe21368-98c7-4205-9e01-a934402d0baf,c5fee487-68ab-4281-968d-2bc2dac7c336,2023-02-17,65458501,Books,8507.00,3,11%,COD,Pending,India,Desktop,22713.69
0361524c-2cc0-4859-aa65-24ab713b7e05,2887a3a9-e633-47c3-8303-42c7dcfbde0a,2023-05-08,243223,Books,2505.00,4,19%,PayPal,Pending,UK,Desktop,8116.2
e66cd36e-68ef-4f5f-ae68-690a78bc7175,f7f1bb27-8066-4563-a0c3-0ce957ac59f2,2023-05-12,17724425,Books,4592.00,4,16%,PayPal,Delivered,India,Mobile,15429.12
eae2025e-8233-4e23-9ff3-334b91b15f5d,25033a3e-b1f5-47d0-887b-4cca54f02dc4,2023-12-23,2553184,Books,7804.00,1,17%,Bank Transfer,Pending,France,Desktop,6477.32
637e0edc-5b6e-4ae7-a620-81434fbaecc0,bd637b3a-fc0b-4519-a04a-a4a2e983cc1d,2023-06-30,72453193,Home,3640.00,2,5%,Bank Transfer,Cancelled,France,Tablet,6916
27460f22-403d-4f83-a859-890cd670f668,3c0a94de-4e24-4cf7-8e33-dcabbe684e2b,2023-12-01,35614685,Clothing,6620.00,3,5%,Credit Card,Pending,France,Tablet,18867
753c7c99-032f-46ca-b0d9-c2aa8f837ef7,60e9bd79-fe1c-41e5-aa31-e67ae1680205,2023-05-24,50536061,Toys,2347.00,3,13%,COD,Cancelled,France,Mobile,6125.67
bd30291a-55fe-408e-943e-2e04bdd7d19b,78a55d6b-f2de-400f-a3e8-695158b5f052,2023-05-29,84240415,Clothing,5933.00,4,11%,PayPal,Returned,India,Desktop,21121.48
2284b7a4-47e7-4593-8b58-85ca0bb2c3f0,68fc642a-f6f2-4926-8e60-678b82f4b48a,2023-08-16,56043242,Books,4551.00,1,16%,COD,Returned,USA,Tablet,3822.84
7b59051b-f400-48d7-831d-5a973d792fa1,1903b45f-d01c-4935-a803-2f7efef06b04,2023-10-07,58127391,Books,296.00,2,14%,PayPal,Returned,USA,Desktop,509.12
ac642b4c-49b2-4ded-9c31-d9b25a2b745b,25cc2478-276d-4e19-b924-e06aaef5baef,2023-07-27,99164041,Books,7465.00,3,16%,COD,Pending,Germany,Tablet,18811.8
e456697c-f268-4baa-971c-702d5bf49c04,a25130a8-9870-4707-955f-bc3301424249,2023-12-08,925266,Home,4268.00,1,13%,PayPal,Delivered,UK,Desktop,3713.16
21e15094-9efe-4464-9a90-f534a23d4c9d,e1a9344e-ef7f-4bc8-bb24-cba4b4577bf7,2023-02-18,39830838,Books,1725.00,1,7%,Credit Card,Cancelled,Germany,Tablet,1604.25
bf9cc545-6355-48f7-8f6f-a985b732d46f,c77f0b62-b264-49f7-9b58-286c8461f840,2023-11-02,78799554,Home,2716.00,3,11%,Credit Card,Pending,Germany,Desktop,7251.72
14aa451c-a69c-4b85-9432-f8db6a174c1c,98856c7f-3475-4526-b2b4-c281a5b91ee8,2023-03-11,51065270,Home,4343.00,2,11%,COD,Delivered,USA,Desktop,7730.54
b2d650af-313b-42b7-9836-31890063e42f,83719849-fb52-44d9-9a66-d48da4f0d9c2,2023-06-19,36903979,Toys,6463.00,3,13%,Bank Transfer,Delivered,USA,Mobile,16868.43
391cf046-3d4a-4d51-a8fa-fd04559b5975,bb5f15c1-b044-4ebb-8445-17ef1c769e1f,2023-06-13,66226673,Books,1303.00,1,9%,Credit Card,Pending,USA,Mobile,1185.73
b5d97ef7-60ef-4471-b2b8-ff39a32c9b6f,15db4487-6038-43f3-ab2b-cfda9d4319b5,2023-04-06,34129043,Books,7695.00,4,8%,PayPal,Returned,India,Desktop,28317.6
dfe1b307-9172-4f0a-ac7c-8803e01bbf50,1d8ac1a9-02af-4382-8938-ad77cb18d6a4,2023-07-17,21242649,Toys,8641.00,4,5%,Credit Card,Returned,USA,Tablet,32835.8
df26f517-66fa-4989-8813-5d586a1689ad,b8f35c26-d13e-439c-9cb6-f1f0e4751694,2023-04-05,86586771,Electronics,8587.00,1,10%,Credit Card,Delivered,India,Mobile,7728.3
c5adf681-6b10-453a-9145-de05b3ab1b2c,ad0cabfc-1baf-41f1-917f-a07e7b0f78c1,2023-09-14,14954443,Toys,4538.00,1,9%,Credit Card,Returned,India,Desktop,4129.58
2a69acc7-0bf9-40ef-b581-6b74a985ab61,b259a6a0-9591-4900-9e7c-faad73df770a,2023-06-28,69807886,Home,6450.00,2,20%,Credit Card,Delivered,France,Mobile,10320
b3969057-425c-4200-905a-da6b720299e3,cfe4fb66-7c8d-4368-aaa2-843940fe81ec,2023-10-20,36460069,Toys,6838.00,1,20%,Bank Transfer,Cancelled,Germany,Tablet,5470.4
e28bc9ff-870f-484c-b244-f536285e25b4,28b74f3d-ec38-46bc-ba8d-1c00c6962905,2023-11-01,81400768,Books,9271.00,2,7%,Credit Card,Delivered,UK,Tablet,17244.06
9a9e4310-8fb8-4bab-a875-4cd37cbd7025,e5098f9a-d3c6-4e05-8d37-aebb8fc7f7e3,2023-12-16,85878785,Clothing,8333.00,1,9%,Bank Transfer,Pending,Germany,Desktop,7583.03
09f6048f-e245-4460-8004-884cc167733f,820bc51d-db3a-4fa6-87d0-286213f36e53,2023-04-09,79290951,Toys,376.00,2,6%,Bank Transfer,Returned,UK,Mobile,706.88
d675ebf7-4fe3-4c9a-9371-0f577e9cf84f,06999e1e-2b02-437e-a2cd-159aebba80d2,2023-02-12,34613122,Electronics,2921.00,3,19%,Bank Transfer,Pending,UK,Mobile,7098.03
d29dc5df-cf1d-4110-8cc3-6d8c77863fe5,2ab465e9-d97d-4b38-a4a9-8266d3d6362b,2023-07-21,97275725,Clothing,3250.00,4,14%,Bank Transfer,Returned,France,Mobile,11180
6a46721a-cffa-4cdd-b963-a7efe00111e5,68adc28f-8463-416a-be65-6befe0efc989,2023-01-01,74758302,Toys,5768.00,2,8%,PayPal,Cancelled,India,Desktop,10613.12
f689a4a5-ffda-4336-8c6e-90373020da5c,702cebbe-3544-4189-a920-46339bb68cd2,2023-02-13,58468913,Clothing,6009.00,4,17%,COD,Cancelled,USA,Tablet,19949.88
d663049d-155e-48b1-ba83-ada4a2121ac5,439ddd74-67af-46d9-af04-ef81b5481bf2,2023-01-24,42822158,Books,4417.00,3,17%,PayPal,Delivered,UK,Desktop,10998.33
03c54c71-fca0-4536-a169-df82b9bdee2d,eb6ec9e0-225f-4457-9662-5aa1056b565f,2023-07-07,30077195,Electronics,597.00,2,5%,PayPal,Pending,UK,Tablet,1134.3
6ae04d52-adb3-48cb-b315-8c0c66dd7794,70e2ee61-e29b-44d7-abdc-9c10636241c3,2023-05-11,80279297,Electronics,9068.00,3,12%,Bank Transfer,Pending,USA,Tablet,23939.52
03a89879-36a9-4d74-80de-59f550f0fc2b,60032713-ea8f-423d-8dbc-321b90a00ee1,2023-04-09,41452752,Toys,5752.00,2,5%,Bank Transfer,Cancelled,India,Mobile,10928.8
faf1501b-009a-415b-8137-8be5b7a28e0a,a4e0ee5b-1638-425c-8d66-65d8edf2a720,2023-03-04,5119141,Electronics,5107.00,4,16%,COD,Returned,Germany,Tablet,17159.52
9cb017c1-8741-4e91-acfe-bb4bd29e8693,3bac2660-55a3-4129-a7ba-6b1a96954911,2023-08-11,49520767,Home,6314.00,3,14%,COD,Pending,USA,Mobile,16290.12
9bbd750d-1e70-4c52-b0c1-fb6a19086515,0a02da60-749d-4601-9f98-377981bd5336,2023-05-04,63164763,Books,3432.00,1,17%,COD,Cancelled,Germany,Mobile,2848.56
4d6b234f-dfa7-46ed-b2d1-f81ba636425c,44c8fd00-1a0f-4218-9eb8-83257add8fed,2023-03-24,76263637,Home,8826.00,3,5%,COD,Returned,Germany,Desktop,25154.1
2ea60b99-fa7f-48bf-b044-284a47acf2f6,8d00b7b2-7d82-4ccf-81eb-88e5d549faad,2023-08-16,41275542,Toys,5317.00,2,18%,Bank Transfer,Pending,France,Desktop,8719.88
ec3aa314-da9b-4017-b9c1-47c719a5711b,43eb280e-7901-4990-a4e3-22cfa51de78b,2023-05-29,75327255,Electronics,2308.00,4,20%,PayPal,Cancelled,France,Mobile,7385.6
0597aab6-14d3-4dbc-a0ac-f4c9658de17e,5d443821-8a7f-43ae-bad2-3fbf2e573864,2023-07-29,37218997,Toys,1505.00,1,19%,Bank Transfer,Returned,USA,Mobile,1219.05
ccc14d51-73f6-40d8-a9f4-1cc04653a560,9bde299d-da28-4b7a-8d6d-99a628d798b4,2023-02-20,75215248,Toys,8233.00,1,12%,Credit Card,Cancelled,France,Mobile,7245.04
41a93f90-dc82-4527-9da3-b7e2cad6e514,74f8c57b-24c5-42ca-aab3-c4d8d4e4004b,2023-09-28,51165543,Home,824.00,3,11%,PayPal,Returned,Germany,Tablet,2200.08
d138d150-8557-416a-a750-2a812227d96d,7a658abe-1188-4fa1-b660-ffd5119fc1c4,2023-02-11,50342280,Clothing,9873.00,3,20%,Credit Card,Delivered,USA,Desktop,23695.2
1d77ce40-58d8-4776-a51a-d4f3a699bae0,68f49b51-f3fa-4613-90ed-41f464aba3f6,2023-02-28,27318416,Clothing,8064.00,1,7%,Credit Card,Returned,USA,Mobile,7499.52
d9ead926-4745-4d9e-a789-6389df3277fd,7b777bf2-43f9-4cbd-979d-221d8e5f37fa,2023-07-13,6167721,Books,3754.00,3,18%,Credit Card,Delivered,France,Tablet,9234.84
34ab18fd-0a68-488e-8ad4-041504c14982,4bf41e10-1c62-4f82-9081-3d923aca43f2,2023-02-06,20121693,Electronics,3674.00,4,16%,Bank Transfer,Cancelled,UK,Mobile,12344.64
50910bdc-8ef0-46d4-8279-b14dae55cdff,181a218e-cfd6-4560-9c05-c1f3241d3e27,2023-09-24,14199134,Electronics,9128.00,1,16%,Credit Card,Pending,India,Mobile,7667.52
914591ae-f03d-466a-9dec-c06af24dfdd8,0e8472a7-dd33-4379-a88f-58c1237d7b90,2023-03-28,46287458,Books,5959.00,1,17%,COD,Cancelled,Germany,Tablet,4945.97
d8ab0b30-0ac0-4f0d-9974-c146e8ec01b3,96248805-2305-46d3-aa61-353ad2b00078,2023-02-13,26422138,Electronics,6350.00,3,6%,Bank Transfer,Pending,France,Tablet,17907
9b8b71a1-b38a-45fb-b611-64cebfc74ca9,0876daaa-01ce-4fc6-b2d1-16fe8f08963c,2023-12-27,85715868,Electronics,9448.00,3,8%,COD,Pending,USA,Desktop,26076.48
a4e695c9-b65d-4226-be96-9cf3a7c5cb87,b325442c-8eeb-4fd8-a783-b0c3dcae667e,2023-01-12,47025271,Clothing,7310.00,2,10%,PayPal,Cancelled,Germany,Desktop,13158
6f790959-a3e0-4b3b-b56b-0715e7180322,b6d066f2-7d87-4566-9a0a-80bec15dfcfc,2023-09-16,33127613,Books,1001.00,3,14%,COD,Pending,France,Tablet,2582.58
2da44da1-89b5-4368-9f14-c6125f58d5b5,79140a61-ee65-4feb-9b67-4518b0bf7f14,2023-11-04,53152336,Books,3388.00,1,7%,PayPal,Cancelled,India,Tablet,3150.84
4a814d53-964d-4b77-a025-f0ae35354579,c7afae8f-dfec-42ae-98e7-60bf8f3e64f4,2023-03-22,98575978,Electronics,7762.00,1,13%,PayPal,Pending,USA,Tablet,6752.94
4578bab3-26a9-4465-a371-ea2c0247145f,af8c96a9-18f7-4499-9f61-c53457d1d37c,2023-02-02,84409928,Home,4961.00,2,17%,Credit Card,Delivered,UK,Desktop,8235.26
5e00ea6d-ca24-4e4d-9667-2017555a4085,7f6bf51b-3a05-40b7-bddf-55b2015128db,2023-07-02,43881475,Electronics,1662.00,2,17%,COD,Cancelled,Germany,Tablet,2758.92
c787ddfb-5697-417c-97fd-3736b7ef941c,4642cddb-4fbe-4aae-bbf7-0946d6ada066,2023-05-09,21078880,Clothing,9822.00,1,14%,COD,Delivered,Germany,Tablet,8446.92
4505f4f6-0a8c-46c7-8921-5f4f9edb95f2,5ad8712d-7ee1-42a3-824b-fe48398071b1,2023-10-22,99866594,Clothing,4399.00,2,10%,PayPal,Pending,Germany,Mobile,7918.2
955d0e77-fb5e-4866-a640-211e29f2c3c7,ed3032ed-824c-4948-b474-b1a4f2684ee1,2023-10-03,53572806,Toys,1690.00,1,18%,PayPal,Pending,UK,Desktop,1385.8
fd42f697-6511-4656-9c64-60364a1eb1b7,4e051eea-13d7-4846-9777-6c3a57435d9c,2023-06-24,72018026,Clothing,3217.00,3,20%,PayPal,Delivered,India,Desktop,7720.8
1d69d9fc-4b1c-48bd-a130-260c8c69778f,bd2cdb8d-39eb-4a32-ac1b-681192dbd613,2023-02-12,10543108,Electronics,5240.00,1,10%,Credit Card,Cancelled,India,Mobile,4716
ef0a81ed-3d5d-40bc-bb03-78eb7a62722e,dc58ea6a-6193-4b51-b6ac-a9b45e146c30,2023-07-04,32568950,Home,8890.00,2,14%,Credit Card,Cancelled,UK,Desktop,15290.8
db66bfda-2df9-4747-8ed1-35530c5a876f,49b3fe66-3b4c-4730-a53d-f737c2185e77,2023-03-19,63609394,Electronics,1246.00,3,5%,PayPal,Returned,France,Tablet,3551.1
4d7bd307-1224-41e6-ba89-82dd85e69ea9,c6b7e7cb-be0d-44ed-b306-1611ef96a214,2023-10-14,7062315,Electronics,3215.00,1,5%,Credit Card,Cancelled,UK,Mobile,3054.25
4c9a0ae1-5419-4efc-95e7-3e3f673617d9,c814ed3c-e166-46ab-a8f6-14bd7b2aa677,2023-10-08,92544758,Books,4097.00,1,13%,Bank Transfer,Cancelled,Germany,Desktop,3564.39
8f928dc5-1972-4ce3-9bd0-94486a2b3200,9cc753ad-6264-490f-886c-0adf5bf26ec8,2023-05-06,86754842,Electronics,1150.00,2,16%,Credit Card,Delivered,France,Desktop,1932
564ae909-7958-4e69-bb2e-1b82e89dc815,1e94eb4b-c74f-43ca-94c6-67bb211e55c3,2023-09-16,78565647,Clothing,8624.00,2,17%,Credit Card,Delivered,Germany,Desktop,14315.84
cff4c56b-f9ea-4c64-8c41-7e7cd741d609,de5fe0ee-8010-4500-9ae5-253066b48fc6,2023-01-04,3746622,Toys,3020.00,4,6%,Bank Transfer,Delivered,France,Desktop,11355.2
1db2b452-7aa5-4a18-9fd3-c01757f98d1e,b594b706-a7fb-481e-ba88-a4ab78916712,2023-04-05,27329313,Books,9074.00,1,11%,Bank Transfer,Cancelled,France,Mobile,8075.86
09aedbd0-6d31-4b4a-bf6b-8793b318ad4c,5bd71dc6-ea75-434d-a1d5-34025fba6dc2,2023-08-15,48829274,Books,5144.00,3,18%,PayPal,Returned,India,Tablet,12654.24
afe6790a-bc18-440b-95c7-ed9d4d4985dc,f902d6c0-5bf5-4279-8704-768e6e927501,2023-12-30,17362108,Electronics,3322.00,2,13%,COD,Pending,USA,Mobile,5780.28
2aa36cf7-eb70-4a65-a7d9-9a23e4f7625e,b6e0eac2-c42b-44c4-846f-5825669ff1b9,2023-09-27,80119227,Toys,6738.00,3,10%,PayPal,Returned,UK,Desktop,18192.6
ce5dc807-6025-4199-9082-3edaa0722aa0,1af4321a-ddd3-4779-8879-996dfe38f4eb,2023-10-24,93551168,Books,1139.00,4,19%,PayPal,Cancelled,Germany,Desktop,3690.36
16408169-a38d-4afc-bdd2-ed7af97ccc57,1ee1723b-4a96-46a4-a752-41027acf6bcc,2023-11-25,72598399,Electronics,3896.00,2,8%,Bank Transfer,Cancelled,Germany,Desktop,7168.64
32b2c492-15ac-47a1-8eca-2ee310da8a95,eed15368-5811-4722-a77d-fc7b722c353d,2023-01-20,39979414,Toys,254.00,3,20%,Credit Card,Pending,India,Desktop,609.6
62830869-0fa7-4e05-b897-4df5bff773ce,edfda291-2fdb-4c0d-be4a-565e3e581dd5,2023-04-06,26132242,Books,6715.00,1,18%,COD,Delivered,Germany,Desktop,5506.3
8e751eb7-64d0-4913-991b-8adf0202861c,3a8be161-7fd2-470a-968d-6f3ef4b445aa,2023-11-25,45275814,Clothing,3144.00,3,7%,Credit Card,Returned,India,Mobile,8771.76
eb8f2056-72d3-4c5d-8a31-b24384dd6da6,f9adf8c5-6247-440d-ae5c-eb3d1c275035,2023-09-06,16003569,Clothing,9047.00,1,13%,PayPal,Returned,France,Mobile,7870.89
b6e355f6-95bb-440d-89cd-4af97d161f29,7636efd9-8376-4fa8-b6fe-579f6382f3b5,2023-06-30,35691518,Home,765.00,3,11%,Bank Transfer,Pending,Germany,Mobile,2042.55
156af458-6c4c-4935-b79d-eda1ade6c5e9,ffb59512-fa04-4706-af8d-ff9bfae3fcee,2023-11-20,79743600,Home,1923.00,1,5%,Credit Card,Returned,India,Desktop,1826.85
ffc573d5-fd0b-470e-b85a-f4635e4af862,387cdf02-9e3b-4f04-9418-864590de6fba,2023-11-14,55218474,Electronics,1616.00,1,13%,COD,Returned,Germany,Mobile,1405.92
2aa50f4e-c6f0-4933-95d1-805142cb6d1d,4fab2ad8-8091-421d-a637-c09facf606fc,2023-09-28,9228955,Home,7748.00,3,10%,COD,Pending,UK,Desktop,20919.6
1d7173e5-5bc7-4deb-b123-4efe6e648043,849648e8-5084-440f-bb8f-5fc77c96eefa,2023-12-19,71647401,Home,6037.00,2,10%,PayPal,Cancelled,Germany,Desktop,10866.6
da54f267-dd13-4266-926d-53961058fe8c,78c5a976-1786-42e8-806b-8fd6af157ed9,2023-09-18,60712455,Home,4975.00,1,9%,Credit Card,Pending,Germany,Desktop,4527.25
869bdbd2-e72b-45b7-8712-0911b3b68b57,f325f875-e417-4ba3-a4ee-c62b51306e5c,2023-08-26,49277098,Home,2357.00,4,18%,Credit Card,Cancelled,France,Mobile,7730.96
33a1d1c2-ad4a-4155-809f-cd8f739cd488,6e6d086c-f7b3-4a86-921d-bc093a357442,2023-05-20,52604294,Clothing,322.00,3,11%,Credit Card,Returned,USA,Desktop,859.74
41a8a6e1-65e0-4993-bf41-1fed1e70e799,c57842a9-934c-472a-8c72-fe13fbf28c1c,2023-03-28,21687822,Clothing,1172.00,4,16%,COD,Returned,France,Tablet,3937.92
ff3e0ba1-0ac7-48b4-a418-65bf350d278d,437249fd-17ee-4fe6-a810-91fe0a5a0322,2023-04-20,65285923,Books,1921.00,1,15%,PayPal,Cancelled,India,Mobile,1632.85
9f982188-3744-4a64-8c24-9558f2ad985f,2db6de21-53a9-4c5d-b9b5-c70e3346f7c6,2023-11-28,11313731,Clothing,2075.00,1,8%,COD,Pending,Germany,Mobile,1909
755a3ac1-32ae-4a20-9ac9-02ee25777cf0,b2daa1f6-cc16-414a-ae4a-6e781cf4a8ed,2023-07-04,6545949,Home,8959.00,3,6%,PayPal,Returned,USA,Desktop,25264.38
d3b564b0-8be0-4c3e-9c94-938160c6b3ed,f3f05323-3bd5-48a2-873c-36ba5d393bf9,2023-01-17,78047631,Electronics,6046.00,4,11%,Credit Card,Returned,UK,Tablet,21523.76
98a33736-fd1a-47ce-9ad0-a6f226bdd974,88da091b-61f6-4877-8212-585b0b2f8580,2023-06-02,70896534,Toys,5482.00,1,17%,PayPal,Pending,USA,Tablet,4550.06
905c053b-25fd-4cbe-bce7-1b48fba52e59,d24e3104-1dd2-4234-a131-24bd01275a63,2023-05-30,95422435,Clothing,6669.00,4,12%,COD,Returned,UK,Mobile,23474.88
6c596216-ae0f-4bc8-a36b-cb0167e98363,e998952c-ef58-451f-9b1a-e0199aca0c4a,2023-04-21,15624499,Electronics,4552.00,2,20%,COD,Cancelled,France,Mobile,7283.2
ade7cef3-7ed2-4c2f-856f-3d95e0ae1a1b,7751b3fa-bdb6-4ff3-94e1-67063309a536,2023-01-26,26012667,Clothing,1007.00,3,11%,Credit Card,Returned,USA,Mobile,2688.69
d5627386-528c-4241-a345-ac72eac39204,852d2ee5-0061-4d30-9907-3286329cd43a,2023-04-28,11938132,Clothing,5963.00,1,15%,Credit Card,Returned,India,Desktop,5068.55
a2939b3b-7fa7-4d8a-bf88-ec827f99d273,6a4ace0e-d89a-4500-9f13-d2fbe583847f,2023-03-25,57891224,Books,5525.00,3,10%,PayPal,Returned,India,Tablet,14917.5
8af58903-33b5-43ce-9fec-4623ab899605,ed0d0418-2d58-4ce9-8974-5cd7111868f8,2023-06-11,99907433,Clothing,7815.00,4,9%,Credit Card,Cancelled,USA,Mobile,28446.6
027c013f-3801-4399-ae6a-8e2f9c19ed34,6a594b07-eda6-4806-ba19-607d3bfb255e,2023-12-27,80710097,Clothing,5205.00,3,12%,COD,Delivered,USA,Tablet,13741.2
bf3df0bb-f66a-4168-b4a1-ca795718ada2,00183cfe-ceb0-4220-b984-f33f61c61ae4,2023-08-17,32738490,Clothing,8503.00,4,12%,COD,Delivered,India,Mobile,29930.56
52631db9-d170-44ce-9179-7350e6256403,f9df7275-6199-4015-b5c9-599f6f9179cf,2023-09-09,91258090,Books,7166.00,4,12%,PayPal,Cancelled,UK,Desktop,25224.32
dfde2281-25fb-4f3d-866d-7002091472ad,f45c8840-9da2-4338-8a8b-c856c3edd9b7,2023-05-02,54839403,Toys,7201.00,2,19%,PayPal,Cancelled,India,Mobile,11665.62
27e969e2-c8bf-43fb-9a43-1f7a41c30359,58d97f4a-9533-4356-874f-3be044f20133,2023-11-23,96515457,Toys,6760.00,3,10%,Bank Transfer,Returned,USA,Tablet,18252
4b5ca436-953c-478e-a106-7a8cd7a3283c,565af699-d3bb-43d7-9e12-425cb42fb357,2023-10-15,14925009,Toys,9487.00,4,16%,PayPal,Cancelled,India,Tablet,31876.32
786e30ef-ce9b-4e70-b4d4-dfccb7d779cc,2266a107-a408-401f-b433-97f1ad5b9bb2,2023-01-14,96063699,Clothing,6137.00,3,5%,Bank Transfer,Cancelled,USA,Desktop,17490.45
843b2a7d-15ab-4c21-8cc9-3ff710fce97d,40709bd4-1790-46b7-845c-21e7988d0e4a,2023-11-24,74029785,Home,1142.00,3,12%,Credit Card,Cancelled,France,Tablet,3014.88
10fc9eee-0a17-47f7-aa5f-24b6de6fec4b,1a7e256d-b6ff-412c-9a6f-0c9af1f7e90f,2023-07-04,10012666,Toys,8087.00,3,18%,PayPal,Delivered,India,Desktop,19894.02
4cea2df0-0a66-4c4e-a168-1081399f8a8f,24536074-b13d-4531-862d-7f7a45dae1f3,2023-06-02,92381001,Electronics,1934.00,3,13%,PayPal,Cancelled,India,Tablet,5047.74
72d6bc20-d80d-4a1c-8247-2fd603e9ba02,22ca9fe8-a8aa-4d13-85a9-18d19eede43c,2023-03-21,66426059,Electronics,1921.00,1,16%,Bank Transfer,Returned,UK,Desktop,1613.64
ccf719ab-2922-4bd8-9ca5-b35354a1d505,f9d2b2de-92bb-4701-b503-c56e61002dbd,2023-02-11,68385934,Clothing,7187.00,4,20%,Bank Transfer,Delivered,India,Desktop,22998.4
75f2bc20-a7f5-495c-9e62-d43f261908b9,6bd1f046-339f-4b69-91cd-2c07a8f78b61,2023-10-02,6780357,Clothing,4964.00,3,17%,PayPal,Cancelled,UK,Tablet,12360.36
61d9fe39-8147-48f4-9f0e-f320f7f60e7f,8f41d3e4-1ece-45e5-8018-41f4820d15c6,2023-02-10,72933039,Toys,1379.00,1,18%,Credit Card,Cancelled,Germany,Desktop,1130.78
089b30a0-809f-4923-87a1-798fe6addd9e,79801aaa-e93b-4418-b170-b1ed1b040be3,2023-07-27,14554223,Clothing,245.00,1,19%,Credit Card,Pending,UK,Desktop,198.45
cb4d18d6-adb6-4a35-9734-a26c92e94e89,729bd820-e4ad-44e2-824d-9e961fe253b0,2023-09-25,96406199,Books,3331.00,2,15%,COD,Returned,UK,Mobile,5662.7
99a2ecb1-c202-487b-849b-8a44ce1bb02a,8c3af69e-7474-4f6f-adbd-b6e57844c2ac,2023-06-16,72636626,Home,1363.00,2,20%,Credit Card,Delivered,Germany,Tablet,2180.8
6d265dd8-bf39-4fbb-938c-3460fd938adc,41229d75-6a8d-4e84-a0fe-652b56fe2301,2023-04-22,87950984,Home,5463.00,3,13%,Bank Transfer,Returned,France,Desktop,14258.43
4a276dda-34c3-494a-812e-a9b8e7e13ed8,816480fa-90a2-48e1-941b-d89660924d2b,2023-12-16,33867397,Home,5925.00,2,9%,Credit Card,Returned,France,Tablet,10783.5
6af79ad2-993e-48c6-a6b1-06e289110af0,dcff697d-d26d-428d-91f1-5ee755e9718e,2023-05-10,18122404,Toys,3359.00,1,15%,PayPal,Pending,France,Desktop,2855.15
d872298c-7b72-490b-b8f8-f071d360da69,59de5319-3f9b-4cfc-b42c-59053bcab3ea,2023-08-12,51298920,Home,9131.00,4,13%,Bank Transfer,Delivered,USA,Mobile,31775.88
9b8086da-6379-4035-b8e4-5086ca819c6f,69083bd6-ef61-4cac-8674-d2447b056d02,2023-10-28,86405201,Toys,8801.00,3,8%,Bank Transfer,Pending,Germany,Desktop,24290.76
dd620222-d9ef-428b-bbcb-50b3961d8dcf,e355c369-b931-426d-b26e-8017061f5679,2023-08-05,83794605,Electronics,9187.00,2,6%,Bank Transfer,Cancelled,UK,Mobile,17271.56
e2a01335-a830-43ab-853e-4b42cc4da021,f5652d00-67a4-4b26-8d6e-44f20189a5d9,2023-01-25,39435149,Home,8928.00,4,18%,Bank Transfer,Pending,UK,Mobile,29283.84
4d6cd782-2e95-43ea-bda1-7da2000fc63d,3956fba9-7232-4dc9-8677-81b2c3a31607,2023-03-09,75404154,Clothing,4078.00,1,7%,COD,Pending,India,Tablet,3792.54
552ae5ca-4124-405b-91fc-fe8881c16e98,7a2be049-40d2-416f-bdb6-12f46df2fc82,2023-09-17,43533336,Electronics,8418.00,2,20%,Credit Card,Returned,USA,Desktop,13468.8
4312ece2-dc21-41e1-be56-ac3d10cc8711,70df67b9-3a6f-46fa-a418-13ef799fde33,2023-08-23,61842564,Home,2402.00,3,6%,Bank Transfer,Returned,USA,Mobile,6773.64
c5c14262-4d84-4ec5-9334-886ff164f9d8,7c76a592-a73e-4f3b-9c27-761d4894d9fc,2023-07-24,8086143,Home,5862.00,2,12%,Credit Card,Cancelled,USA,Desktop,10317.12
6238d0a0-cf5e-4ea3-a258-4ab368777bab,26184c80-edf6-41e0-ae8f-0e0999755cb9,2023-10-19,38411861,Home,8123.00,3,14%,Bank Transfer,Returned,France,Desktop,20957.34
ef7e85ec-a417-456f-a9ee-7f3d0ff030b8,af3b5a91-85ba-4545-94e2-6a5bf807cdd9,2023-08-03,85221444,Toys,5807.00,3,19%,PayPal,Delivered,France,Tablet,14111.01
babd4745-497e-4f1a-bd2b-f042209818d1,eec9fa67-4cc6-42fc-b006-ff85166a1a98,2023-07-09,27438930,Books,3279.00,2,9%,Bank Transfer,Returned,Germany,Mobile,5967.78
f11ddff7-0e37-4526-9582-a3bdd476fe38,1f6ceec1-ac54-4740-a182-e35f848edc98,2023-07-17,17356459,Home,9742.00,3,11%,Bank Transfer,Returned,Germany,Mobile,26011.14
2412579d-6af9-44e0-bb38-785b0932f5b6,57c2747f-27b5-4ee7-8f1a-6c44f239fbb0,2023-08-04,12758210,Clothing,1650.00,3,13%,Bank Transfer,Delivered,India,Mobile,4306.5
9a1a7d6f-dd02-4100-a3d4-84087de8a234,9f2d5db8-deba-489f-959d-e20409642b31,2023-02-13,76759475,Home,3706.00,3,5%,Credit Card,Returned,India,Tablet,10562.1
b2ddc481-ac6d-4df8-94e5-064cb799ae8e,e668bb6e-c408-443f-a90d-07e4ce1f4081,2023-02-02,24061797,Books,2404.00,4,17%,COD,Returned,India,Desktop,7981.28
5a4f4145-fc98-4279-8f6f-111c26c06e67,3008a519-ad83-4951-a3ea-a00577f63854,2023-01-12,21163418,Books,8865.00,3,20%,Credit Card,Returned,USA,Mobile,21276
775e0ec3-9c9d-43f3-8901-8aee69407be7,2ae201c0-312a-4c3c-bf00-625769560c06,2023-04-15,69480904,Books,8167.00,2,20%,Bank Transfer,Cancelled,India,Desktop,13067.2
19faa06e-0c0a-4967-b579-501a62fda854,f2b72bd2-c97b-42af-8c10-ef0164119d38,2023-08-01,66853329,Electronics,7827.00,3,15%,Bank Transfer,Cancelled,USA,Tablet,19958.85
052daad3-26c0-4984-8734-bb05788c31f6,56c6544d-f60c-4881-85ac-7520cd4668fe,2023-05-19,11892458,Books,3663.00,3,9%,Credit Card,Delivered,France,Desktop,9999.99
21f8c156-9e0d-445b-992a-34a1084fa819,d46e34aa-ae9d-4797-8284-e0bee33e270a,2023-07-02,78362994,Toys,4177.00,3,14%,Bank Transfer,Cancelled,India,Desktop,10776.66
b3386c3e-1af4-487f-92eb-dac5a1457899,53fb2ed1-b953-4807-b009-61c3855a7d8d,2023-05-06,25205213,Electronics,6389.00,4,9%,PayPal,Pending,Germany,Tablet,23255.96
31e9ca80-58bf-4b9e-a624-5b598c94af98,8af37d72-ec4f-4490-84ea-f9432ee66e21,2023-06-06,85931817,Toys,6821.00,3,7%,Credit Card,Delivered,Germany,Desktop,19030.59
c707aef9-c6c3-444c-888e-03b662276cbc,952b750d-9830-449d-99ef-bb41b66b6b0b,2023-04-22,78974593,Books,6997.00,1,5%,COD,Delivered,UK,Mobile,6647.15
0f66b32d-e19b-4837-9c6a-4b5e7d859725,b050eb01-a22f-4818-a6f3-32446f1d5baf,2023-09-16,13064853,Home,1811.00,2,14%,Bank Transfer,Pending,India,Mobile,3114.92
9d44c93e-7799-48e2-b368-c5539c30ceaa,a9c7ae92-e61b-4dc6-be52-5e4f9e203161,2023-01-28,39541727,Toys,7857.00,2,9%,PayPal,Returned,India,Tablet,14299.74
a6855857-567e-4862-af15-1673a1df3da7,991ab513-369f-4284-adc6-41cd921bc646,2023-08-06,1745474,Clothing,5345.00,4,7%,Bank Transfer,Cancelled,France,Mobile,19883.4
b6af98b2-aeba-42d0-b830-32491fd3af07,7cddb4cc-3e33-4f35-886c-976870fe3cfc,2023-06-01,5535552,Clothing,9484.00,1,17%,Credit Card,Returned,France,Mobile,7871.72
d960af85-c9df-4e44-8bdf-fa7d9f3dd894,5153f737-d7f1-4ec2-9a9d-add2e7aad070,2023-11-06,63069846,Toys,8104.00,2,8%,Credit Card,Returned,UK,Tablet,14911.36
633cbf79-e96a-41af-b55e-3aa2208a393e,0021b632-3246-47d9-bb29-66398e4a295d,2023-11-04,69081507,Electronics,6127.00,1,20%,PayPal,Delivered,USA,Tablet,4901.6
beebb4ea-eab9-421b-8b36-b545cca1a034,3e2b6653-2258-4df3-8ff0-952a0b2591c4,2023-06-24,62120845,Books,739.00,2,17%,COD,Cancelled,India,Mobile,1226.74
fbbff9e0-ae56-402a-b521-ca9fdf5e6f78,9c272c51-ac98-4368-9fc8-b87a7176d181,2023-05-29,35391364,Home,4401.00,4,19%,Bank Transfer,Pending,France,Desktop,14259.24
dc45488d-84dd-49b9-9f1e-0ee9cf6c9992,1beaf9cf-af3c-49d0-a92c-3c3e3957f082,2023-01-30,54017467,Electronics,9986.00,2,14%,Credit Card,Cancelled,UK,Tablet,17175.92
09c67417-306a-4871-beef-71cbc915d113,840658d1-c1da-4d39-b735-0626dca8b6fd,2023-03-09,32702026,Electronics,4560.00,4,12%,COD,Pending,India,Mobile,16051.2
5f1ff97c-71cf-4814-a45b-d776c838a145,a2521f50-a54e-4c8f-acb3-077a6cef5e55,2023-02-05,90150333,Toys,4541.00,4,7%,COD,Pending,France,Tablet,16892.52
5b471c43-7499-428c-b0c3-2323c1b199c4,aedab7b5-e2aa-45a7-8951-03edfd05a5f5,2023-10-23,74495856,Books,2456.00,3,11%,COD,Delivered,UK,Tablet,6557.52
f4dd05d5-1349-447a-a1cb-a182ca20854d,31307e46-af79-4546-be51-68dc5690f74d,2023-03-15,79803236,Clothing,9916.00,1,13%,Bank Transfer,Returned,India,Desktop,8626.92
0a3c2c6f-ef2d-4a38-a6e4-b8df0b6d9611,d7de701d-8eaf-4323-9f65-380029c836e0,2023-10-25,31210980,Books,9220.00,4,17%,Bank Transfer,Pending,USA,Mobile,30610.4
06d2ed7c-e6ac-4d8a-8160-ff927c7550f2,640ca20c-702a-4b67-b7ae-77585b45cf5a,2023-10-30,19967769,Electronics,6628.00,1,17%,Credit Card,Cancelled,India,Mobile,5501.24
91bacf80-aaa0-4996-8522-dc4ef1dd50bf,51497435-a9c9-424e-bd72-3837705bacc2,2023-08-07,9858329,Books,8591.00,2,20%,Bank Transfer,Pending,USA,Tablet,13745.6
3acaaf82-374a-4cc9-a039-7e67926146de,113c1836-77f4-431b-bde9-d47dd89331ac,2023-12-31,94846980,Clothing,9579.00,1,11%,COD,Delivered,USA,Mobile,8525.31
e27ac8e9-d1c3-41bc-86be-643217ee0eb0,1d010478-c110-412c-b843-1ed6258694b6,2023-09-17,7993640,Electronics,4835.00,3,17%,COD,Cancelled,UK,Tablet,12039.15
809e2109-c786-4a38-a09f-1aede38690e7,efb80c63-f42f-438f-a7e0-8e2fc06bad38,2023-10-15,84159489,Clothing,980.00,2,11%,PayPal,Delivered,France,Desktop,1744.4
81d1bf06-6b8c-46f2-8611-f583b2d10e3d,b52f6009-76c0-4651-b361-c49764e0dab3,2023-09-23,47719453,Home,6947.00,2,14%,Bank Transfer,Returned,France,Desktop,11948.84
254bf7ae-1d0a-4994-b20b-575d4e28e674,5e2d2454-e462-42e7-b5c3-de958a647b9f,2023-01-28,16501591,Toys,2460.00,3,14%,Bank Transfer,Returned,Germany,Mobile,6346.8
6c0be55c-90e6-49e1-a44f-c3a96d0c62c3,67f8ab57-0572-4bb5-8bee-2ebdb44788bd,2023-07-19,18390001,Books,1795.00,1,5%,COD,Delivered,USA,Mobile,1705.25
1ad1daaa-ef8d-4ff0-9583-1feeec41e6f6,698eecba-da98-4a57-966a-dfc43513198c,2023-03-03,47180734,Electronics,8951.00,1,18%,Credit Card,Delivered,India,Mobile,7339.82
6a480542-1965-4435-901b-b5fa6a677623,ca6cb87c-dfb8-4708-91d2-125a95e19cb6,2023-12-08,48443692,Home,300.00,2,8%,COD,Delivered,France,Desktop,552
f45da406-bbf9-4b01-a7f9-e728c618fc1e,a2251838-35e1-492e-8a74-bec56951743e,2023-12-20,77450999,Toys,9090.00,2,20%,Bank Transfer,Pending,France,Desktop,14544
6e5bac20-725c-4675-8a95-71e407dc02b1,ab341860-fefd-420b-b5ef-aa99010f5ddf,2023-02-14,94151268,Clothing,4023.00,3,18%,PayPal,Returned,India,Mobile,9896.58
7f22cd12-07b6-408e-aac1-ca75afb918c8,e80bb7eb-a499-49cf-87e5-1bbc22e9e671,2023-10-18,74549320,Books,1133.00,1,7%,PayPal,Cancelled,France,Desktop,1053.69
53125ffd-f655-460b-9d32-e231eb561699,8b3e00e7-6151-487e-8f02-7fe87d5d9031,2023-03-30,87747119,Clothing,8530.00,1,17%,Credit Card,Pending,USA,Desktop,7079.9
5a3da367-141b-4a1b-80a9-78bfb8f8903b,9ad73702-140a-442e-90e8-57f88986148f,2023-02-03,28045557,Electronics,9826.00,1,18%,Credit Card,Delivered,France,Desktop,8057.32
b1182d23-5bf8-4676-9f12-a0e912011caa,c095e099-7e24-4205-bb00-d206f8542953,2023-05-14,6524708,Electronics,835.00,3,14%,Bank Transfer,Delivered,India,Desktop,2154.3
2d8b5b41-590e-43da-986f-1721078548d7,9df497f1-6b5a-474d-b436-7eaa03ea038f,2023-08-21,88454955,Toys,8932.00,3,10%,Bank Transfer,Delivered,France,Desktop,24116.4
3b019fcb-f96d-4403-948c-93f3028d042b,156e3ae5-4fe4-4735-9c29-b6dac1d7fbe9,2023-09-13,15079251,Home,8890.00,2,10%,PayPal,Returned,Germany,Desktop,16002
98ba0f0e-120d-4126-9da5-3b38d1aa6c5e,cef980ce-c471-421a-85f2-b928beb9c9e2,2023-02-06,94470727,Books,9015.00,4,18%,COD,Delivered,France,Tablet,29569.2
00d3d1af-353e-4c86-a4ae-ba79e4b82987,dd9539fc-f7cd-4b75-9d26-3e763d3703f8,2023-09-14,35310679,Books,1389.00,4,6%,PayPal,Returned,USA,Desktop,5222.64
bb6b0095-ac7b-4ab2-a8b5-6f85346d2b7e,f555a628-dd15-4fb4-9680-51b70723b796,2023-10-18,69050077,Books,1676.00,2,14%,PayPal,Returned,France,Tablet,2882.72
bf7b68ae-1f89-41b6-a6a1-a40bf031f4b9,773b8350-2743-40df-9e15-428a833cf90f,2023-07-17,43271689,Electronics,298.00,2,12%,COD,Delivered,UK,Desktop,524.48
b080e003-5e7f-403c-8b13-47f601d6d903,72789d75-97f0-4fcf-9c35-1dc942260a44,2023-09-12,4120049,Toys,9701.00,4,7%,PayPal,Cancelled,France,Mobile,36087.72
3b9cea95-9ad7-458f-aecb-325b064f768d,fb2323e7-d6a2-4379-a0c6-a8a74748f7ea,2023-03-22,68941574,Toys,4156.00,2,7%,Bank Transfer,Delivered,France,Desktop,7730.16
743c7e9d-2fde-4035-a452-bc39dbf2eed1,bef874d7-6251-474d-a1f9-c40838330558,2023-05-17,95453088,Toys,8998.00,4,11%,Bank Transfer,Returned,Germany,Desktop,32032.88
b51d70d8-582d-4972-ba08-9ca81cc5a8a0,3a724b9f-56fb-4c72-ad6a-1bfc81be81f4,2023-07-09,37806507,Toys,3528.00,1,5%,COD,Cancelled,Germany,Tablet,3351.6
0726d44a-2152-43c7-821a-a15ef58c43ce,ef82c4d6-438d-48b1-9719-64f8d2fb05ca,2023-05-10,83183089,Books,8269.00,1,6%,COD,Returned,USA,Tablet,7772.86
55c36c3d-5cbb-4080-b547-5c5ef76dce6e,50c6fa8c-27a0-408c-8b44-361f16c7354a,2023-07-29,52397875,Toys,1172.00,1,16%,PayPal,Pending,USA,Tablet,984.48
4bdd5f99-4ae9-4e11-b5fe-0213792ecd75,7c2b940d-9045-4445-958c-d60ea07f7f47,2023-10-19,62742054,Clothing,6842.00,1,7%,Credit Card,Cancelled,USA,Tablet,6363.06
8d9ecfb9-f549-4e22-a0df-7f74efe78b60,86fe0ded-fe38-484b-b489-362c10345193,2023-12-14,45436000,Home,4330.00,3,17%,Credit Card,Returned,France,Mobile,10781.7
97d01e70-2f1d-4bef-93b5-3b92a2cb5f38,62b22fd5-51c6-42e4-af48-744f7abc9f0b,2023-06-18,12959204,Clothing,9838.00,3,6%,Bank Transfer,Cancelled,USA,Mobile,27743.16
88819f42-1a42-4629-94af-e646fe3216bd,1dd95d4c-0637-4dca-9f46-30adbaaa6300,2023-10-20,8292124,Home,6069.00,1,7%,COD,Returned,USA,Mobile,5644.17
606821d6-280a-47ee-8ec9-85ff94b28b9d,ef89c2e7-aa17-4666-9b6e-83a96f2af3b2,2023-06-26,28266051,Electronics,9662.00,2,13%,PayPal,Pending,UK,Tablet,16811.88
200f7753-f217-4aac-a59c-ff81e5ce0ca6,2449213a-c2fa-4184-a232-4672f64e8f4a,2023-01-26,45903908,Electronics,4907.00,1,5%,PayPal,Delivered,India,Tablet,4661.65
82221345-50de-4292-b90a-9016cdec85da,b49b93d5-1e70-4e19-87f7-9ee0e299cb48,2023-11-20,55519557,Clothing,1244.00,2,5%,Bank Transfer,Delivered,India,Mobile,2363.6
2f16fb50-c13e-46af-bc95-90d33e2aad3e,a11b26b0-0823-4adf-bf75-12c56e05724d,2023-12-26,16359420,Toys,1761.00,3,16%,Bank Transfer,Delivered,UK,Mobile,4437.72
a9c72e7b-6b77-4df1-9f59-aa2c4a82e06a,1d8cca3b-6261-4790-83a0-61c445a16970,2023-10-19,38292811,Toys,8562.00,4,17%,PayPal,Returned,India,Desktop,28425.84
99e8c828-21da-432c-9c68-d4fd0bd7696f,9dbdc6ff-5fad-4a0d-8aa8-3cd65804a881,2023-04-25,59989196,Clothing,6922.00,3,10%,Bank Transfer,Pending,USA,Tablet,18689.4
b3c161c3-13f2-437c-a4d0-27590542bd75,bebbe60d-3085-4e6d-a31c-c5d2cd96a6a1,2023-10-14,25474725,Toys,6585.00,4,20%,PayPal,Delivered,UK,Tablet,21072
4ca49aaf-6b94-4e09-a1cc-14b312bdf75f,0f424ffa-8abb-472c-8aae-0c3ad31224e0,2023-01-30,66515241,Electronics,3180.00,2,14%,PayPal,Pending,Germany,Tablet,5469.6
ed28508d-bdaa-4bfa-aab0-15638cffbbb1,03927935-8d5f-42c0-83f0-ba7756b8002a,2023-08-30,25715545,Electronics,4102.00,1,8%,Bank Transfer,Returned,India,Mobile,3773.84
4c4b91fe-6c14-4fc6-9750-ca7e246cb09c,d1cae193-7ed6-4f4e-a875-176629530a13,2023-10-17,52633294,Books,2033.00,4,14%,Bank Transfer,Cancelled,USA,Mobile,6993.52
3f80c31f-15a5-412c-9ac4-b6c7a31034dd,4202faf9-dceb-4f56-a31c-a36b059ebb2e,2023-05-27,79693059,Clothing,710.00,4,8%,Credit Card,Pending,Germany,Tablet,2612.8
a3155940-5e87-405a-a1fd-cdf171df24d9,feeac13d-5813-42c2-a33e-383454e27ea6,2023-10-01,20769109,Clothing,7253.00,1,10%,Credit Card,Delivered,India,Tablet,6527.7
605dd4d6-0ecf-495b-877a-2133f2ed33e1,8fad725d-9d0b-4f5e-996d-362dfec24805,2023-08-10,64936093,Home,4730.00,2,19%,Bank Transfer,Cancelled,USA,Mobile,7662.6
f642c8f3-6acf-49eb-8228-4fd9689bba65,c20166e3-ca68-4a98-b48e-f9a86aeb5a32,2023-12-07,36977963,Clothing,5384.00,1,11%,Credit Card,Delivered,Germany,Tablet,4791.76
70f8dd99-5217-4eb7-a6b9-20daba6a098f,1aac3ca1-920c-404e-8063-d5251152797e,2023-01-03,66042259,Home,135.00,1,16%,Credit Card,Pending,UK,Tablet,113.4
f3cc9d8a-4b16-48e4-9f20-f4063438b4e4,ffbdfd47-dc79-42f0-9338-94b3854ca896,2023-03-11,18972962,Clothing,6096.00,3,5%,Credit Card,Pending,Germany,Desktop,17373.6
2f7a304f-f344-4911-974f-7a54788c161e,08df6b19-7c3a-4037-a0d5-c16e961139cf,2023-12-24,32407570,Electronics,7467.00,2,9%,Bank Transfer,Returned,France,Desktop,13589.94
1cb66f67-46e7-45ad-9bce-35d8cbe88a3f,393031a6-c82a-4c15-9733-f669852d8585,2023-02-14,58349076,Electronics,1394.00,4,8%,Credit Card,Delivered,Germany,Mobile,5129.92
27649a62-b02d-452c-9b05-0db28ee4fd02,d61a43f2-8ecb-4971-98c8-ece658ea0417,2023-09-11,24350495,Home,5769.00,1,5%,Credit Card,Returned,India,Desktop,5480.55
eda2fc4c-7237-4420-b3dd-77e1cbb02fe9,2d5c6415-fedc-48f9-b78b-094cb5178761,2023-11-19,63039627,Electronics,9317.00,3,17%,COD,Cancelled,India,Desktop,23199.33
6bf4d047-c484-4a8d-af75-1bde66163e5b,3aeb5bc0-f63d-407c-a9d2-1bf8b1954990,2023-04-22,49832693,Home,5020.00,4,7%,PayPal,Pending,India,Tablet,18674.4
f5a3e893-3f7a-4748-acbb-93c26e84f8ea,b2c92c12-9bd9-4220-b38f-4acf66270136,2023-04-02,75792091,Clothing,1384.00,1,16%,COD,Returned,USA,Desktop,1162.56
85fa2d5c-efe6-471b-9723-a95974151acc,28702bb1-5931-49b4-b061-46ffbecba4c8,2023-12-08,66542476,Home,6663.00,1,19%,Credit Card,Pending,India,Mobile,5397.03
a1ab17c0-7662-49cc-9af9-5c78247f4d97,e5039055-f90b-4724-b883-a8ea44e8a604,2023-02-09,46937322,Electronics,6183.00,2,8%,PayPal,Pending,India,Desktop,11376.72
c149fa8e-7bb8-42f1-9624-d318a32652e8,8c1a612b-fff9-4f34-b94d-9109593985b5,2023-05-31,77063847,Books,2510.00,1,10%,PayPal,Delivered,USA,Mobile,2259
d4864482-0078-4b12-8b73-50d13421beaf,773a13fb-3750-4d77-b367-2754da2e6e6c,2023-05-26,61442238,Home,5294.00,4,12%,Credit Card,Returned,India,Tablet,18634.88
764657ca-9e65-436c-b2f7-74b1b2f11ef9,20e30a4d-fbce-4cd0-9050-f32cd4062cce,2023-07-18,42253990,Books,4369.00,4,5%,PayPal,Pending,USA,Desktop,16602.2
1d4d1180-4c6e-4fbb-b7fe-f6b501fda698,c6b4195c-aa19-4f26-8fa4-1d2246ddb0ac,2023-10-02,20124946,Books,8192.00,3,18%,COD,Cancelled,UK,Tablet,20152.32
4d18c103-a100-4d14-ba92-cd28c4c536fb,a908923b-1551-4819-801d-ebf6c503ccb5,2023-12-15,42049517,Clothing,5796.00,1,9%,Bank Transfer,Pending,India,Tablet,5274.36
6c98f73d-27fe-4b4b-9bf1-f1d18b92c247,df4a518a-4ef0-4a9b-93fd-2516d1bfbaba,2023-02-13,64598840,Home,5366.00,4,15%,PayPal,Cancelled,India,Tablet,18244.4
17b18e6e-78af-458e-8058-a332b4cfafa8,52c1b3c7-f33c-4233-8833-b07eb4d56ffc,2023-03-25,18800562,Toys,167.00,2,8%,PayPal,Pending,Germany,Desktop,307.28
f5feba5e-c295-4f51-bf67-ee1aad9d1f42,039d60ba-9c99-4735-95a6-52a708fce7af,2023-10-25,97593164,Home,6923.00,4,8%,PayPal,Returned,UK,Mobile,25476.64
67c21355-c312-4af6-8b32-992a3b7c1f9a,2a9e9a38-1d5a-474c-8da8-40fd4adb0798,2023-04-04,61948525,Clothing,1470.00,1,14%,Bank Transfer,Pending,UK,Mobile,1264.2
0588d91d-fbe8-4a8e-a1cf-0d1d47b3df41,338f8437-faa2-4bad-867a-6bdfb63c1dd8,2023-06-24,265058,Toys,4806.00,1,18%,Bank Transfer,Pending,Germany,Mobile,3940.92
ab2212c9-e23b-480e-8523-dbbb1eeed219,dd7516f5-58aa-4383-8dff-06d28340fed5,2023-07-21,58996812,Books,3623.00,2,20%,Bank Transfer,Pending,USA,Desktop,5796.8
65ff6adc-41ae-43f7-8010-98240a614be3,80b2db0c-6a24-45cf-96c2-b4aa72f78920,2023-12-12,19833583,Books,5899.00,1,18%,PayPal,Returned,France,Tablet,4837.18
b5c03f6f-94e4-4c44-a3fb-dbda86ae9d5c,1f69cd43-68bf-4f7e-94dc-2301882ab925,2023-11-26,62010535,Toys,6957.00,1,10%,Credit Card,Returned,USA,Tablet,6261.3
bf1df687-1a1e-4042-b1d0-4b0f656fa7e6,76847398-fabb-46b6-97f4-3de414934a25,2023-01-29,69163517,Clothing,554.00,2,13%,COD,Returned,France,Mobile,963.96
df0d6301-488c-4c4e-9a94-14b840aaec7a,4bebcf4f-2c94-451d-92fa-3935ff283550,2023-07-29,12432363,Books,5522.00,4,13%,PayPal,Pending,USA,Desktop,19216.56
322f1499-e8a5-4f31-ac2c-10d0c15648ff,ac73189c-6fdc-4e00-a0d9-da583db4cb81,2023-04-16,63308464,Toys,4845.00,1,8%,PayPal,Pending,USA,Tablet,4457.4
120961ea-0913-4087-95d3-8ca9986cc8d5,05dd1ef0-0806-48c9-8967-49fbb2e02961,2023-03-05,38195549,Electronics,2150.00,3,20%,Credit Card,Pending,UK,Tablet,5160
889c8ae2-4e3c-4f2d-8332-559dcad00273,d87d3afc-a370-4e8a-821a-c45bd5e32aef,2023-01-17,83793905,Electronics,6220.00,1,13%,Credit Card,Pending,France,Tablet,5411.4
dc0520a4-87ba-4b90-9e41-5c4e57030ede,f9d0a163-def1-474a-9380-1f2544f06c4e,2023-04-17,91461018,Toys,4682.00,1,11%,COD,Delivered,India,Desktop,4166.98
c31277fd-eb83-4f16-a404-d8083fc18c00,fa4b0bc6-5121-431f-9028-361fa94501d7,2023-06-14,55194136,Electronics,5975.00,2,11%,Bank Transfer,Delivered,Germany,Tablet,10635.5
dc66a27b-6a32-4333-916e-8a6429deb984,49954cf1-faaf-400c-a74b-3d208c3fa29f,2023-04-05,49116724,Electronics,7809.00,2,7%,Bank Transfer,Returned,India,Tablet,14524.74
22696227-8513-491e-8862-2a674a294067,3fb230b2-b55d-4442-8884-e6660c661a49,2023-01-25,53232090,Clothing,5095.00,2,20%,Credit Card,Pending,USA,Mobile,8152
35d4cd35-a08c-4a00-85e7-425092f078b8,84403b37-b13b-4d4e-a368-f7d2d9732b86,2023-04-27,7788369,Home,4076.00,2,7%,PayPal,Delivered,UK,Mobile,7581.36
f4a5cc36-692a-4bce-9af5-5c2688083ebc,0e5bc44c-98de-4bf6-8273-4d1c23d83f22,2023-07-11,33915241,Home,4895.00,1,19%,COD,Pending,France,Desktop,3964.95
bdce29ef-6746-40eb-8b27-9c29a274c0d7,47e77e2b-6b29-4a13-a37c-3644c9345ce7,2023-07-15,17737470,Home,3553.00,3,10%,COD,Pending,UK,Desktop,9593.1
47534952-c9c5-4ef1-a76f-8a76c74f11cd,f367dbe2-40e3-469f-b9b6-6d71951a0518,2023-11-04,37293963,Home,3727.00,4,16%,Credit Card,Cancelled,USA,Desktop,12522.72
9177b6d4-5f2e-4167-b13e-ceb14ad12b4c,88653e42-cefe-43ec-a918-4b9f501049e2,2023-05-17,56462296,Toys,9198.00,3,7%,Credit Card,Returned,Germany,Desktop,25662.42
1f9078d5-2835-4cdb-a347-b24fa0f9c074,b550f221-72e5-4360-a3ae-b12e7d4fbfff,2023-12-14,87139594,Home,7098.00,3,7%,COD,Returned,USA,Tablet,19803.42
66b62087-61a5-4fdd-9eda-4209b270af55,2b66b1c0-5fdd-4329-ac74-9cf41f7550bc,2023-04-04,40473635,Clothing,533.00,2,10%,Credit Card,Cancelled,UK,Tablet,959.4
8f42cebe-23b8-40f3-b7cb-1a27974fdedc,b4ca0142-3b23-4fd8-8d20-f686854df9b6,2023-08-27,49505061,Books,8109.00,1,17%,COD,Cancelled,UK,Mobile,6730.47
a1d20ebc-5aa3-492a-8c88-b9d8ab12fb53,07d5e121-623a-45ae-ba31-a27cced4dd7c,2023-03-29,9800069,Clothing,6589.00,1,11%,Bank Transfer,Cancelled,UK,Tablet,5864.21
37cf8025-6a44-4a90-be0a-5a5679009c61,1932263c-4eec-45b0-94c3-0b503d0daad0,2023-06-10,94750867,Toys,9526.00,1,7%,Credit Card,Cancelled,Germany,Desktop,8859.18
8066b49b-b1d7-42a0-bd25-cefb7a0a02ba,20f12d46-e775-427e-aec0-12f0d3100ac5,2023-05-28,16405004,Home,2171.00,4,16%,Credit Card,Pending,Germany,Desktop,7294.56
f55b2e5c-a6ed-4ac0-be22-e1b751783032,e4bd7d57-03e3-425b-b00b-1433f5d61476,2023-03-14,51908195,Clothing,1079.00,3,6%,COD,Pending,USA,Desktop,3042.78
248f4a25-4cd8-4f24-b1a8-c9c60f6ab75b,69f5a741-8686-4f29-9cb7-6bb9c0ff34b4,2023-03-29,80399643,Electronics,8671.00,4,14%,Bank Transfer,Cancelled,UK,Tablet,29828.24
e32866d3-0d6a-48b0-beda-9ab9bec60ffe,7ff5101d-3f1c-431b-86ff-76d11fe32b56,2023-01-14,11212836,Books,214.00,4,13%,Bank Transfer,Delivered,UK,Mobile,744.72
5afb9565-068a-4c38-b739-076a9f032cdc,6e771359-677a-4eb7-84bf-c434481ce3f9,2023-11-11,37946302,Toys,1992.00,3,18%,PayPal,Pending,Germany,Tablet,4900.32
fe2d9d1d-e377-4008-a416-59c078b61daf,ed4879e7-efd1-44ee-b287-c4407881307d,2023-03-23,88713267,Books,2101.00,4,8%,Credit Card,Returned,Germany,Desktop,7731.68
fa999f9b-86de-4365-98a2-30de02969326,e30d04fd-b58c-4e9f-aa0b-20400ef05b6f,2023-05-01,71331263,Home,9126.00,2,6%,Bank Transfer,Delivered,Germany,Tablet,17156.88
14d4dad6-ddfa-4808-afd8-643211035083,33d4a096-5b78-41ea-8634-3347daa6b26a,2023-11-17,76493805,Toys,2202.00,3,9%,PayPal,Returned,USA,Tablet,6011.46
ecb3d561-bdf0-4015-b305-ee95afb120f4,cc869dea-38a7-4c54-a6b1-caba3fccb2c1,2023-07-23,86279208,Electronics,1019.00,3,8%,COD,Returned,UK,Tablet,2812.44
5c7cbc62-01a4-47a1-a526-4961ab4414ae,2fb01074-2532-4fd3-89f3-5bf84d03cbdd,2023-08-09,46977960,Clothing,9802.00,3,6%,Bank Transfer,Cancelled,France,Tablet,27641.64
00f520f4-9ef1-4846-9dbc-24fd0a8aa1e4,8b4eb003-401a-4e8a-bba0-fd458d3ac4b9,2023-10-09,58314883,Clothing,9157.00,3,20%,Credit Card,Delivered,India,Tablet,21976.8
a3ef802e-df86-43ce-8534-32cdffeb5d5f,dd3b8d93-3b8d-4d5b-ae66-5ecb06f9f4e6,2023-10-16,35438649,Electronics,973.00,1,9%,COD,Delivered,Germany,Desktop,885.43
e695f8ba-ba23-48fe-8ae3-02f3b31e9be8,ecdd001e-6ad8-464d-b8c5-ee78d214f218,2023-09-28,46553140,Books,9166.00,4,10%,Credit Card,Delivered,USA,Desktop,32997.6
92a651d7-c069-4542-a403-97213a082921,2826ef27-f190-4b53-b489-f5c7e22f6e82,2023-10-12,43136827,Clothing,1027.00,4,19%,Credit Card,Pending,USA,Desktop,3327.48
6f1bdd07-1aff-41ae-b0f2-c48549b564fb,20fa5cd3-8f5a-4ade-821d-3ead3e4c1362,2023-10-04,53673480,Electronics,4080.00,4,6%,PayPal,Delivered,USA,Desktop,15340.8
62565a95-5487-45c3-b762-6f4975fd3537,ae63ad3a-94d7-4681-9551-1e14e18d99ce,2023-11-21,56197716,Electronics,7727.00,3,18%,Credit Card,Returned,UK,Desktop,19008.42
a5e3a719-6bf5-4dfd-94a8-762b2b12c92c,8625dcb0-3f79-4d31-beb7-78d62b021118,2023-01-23,21844065,Clothing,6801.00,4,17%,Credit Card,Pending,Germany,Tablet,22579.32
25e4979d-6f6d-4f79-affe-2554e5aef699,cc713ba6-4ca4-4e01-8621-8f7ffcd4fb19,2023-08-16,63092066,Home,3305.00,4,8%,PayPal,Delivered,France,Desktop,12162.4
25c29b6a-b575-4c6e-aee8-4bcb7281b8a9,b57a5c03-cb85-4da6-9b01-98ffde21c855,2023-03-25,65660478,Electronics,8096.00,3,7%,Bank Transfer,Delivered,Germany,Mobile,22587.84
35783f66-2114-42d6-90ea-1324862f78e1,75fc1b10-b8d1-4539-8562-8912bdf2b5a1,2023-05-16,99010294,Books,3693.00,4,10%,PayPal,Pending,Germany,Mobile,13294.8
596305b3-71b2-41e4-afd3-b9f2e90f79f8,33251c76-d8ef-45c9-a7a2-d2d0ca3c4050,2023-03-03,83256288,Books,2884.00,3,9%,PayPal,Delivered,UK,Desktop,7873.32
6d62e40c-638d-421a-bbc5-9e92ca1209ad,618a4763-2af5-45a3-a97b-85380ff73f25,2023-05-22,47314290,Electronics,4890.00,3,12%,PayPal,Delivered,France,Desktop,12909.6
bad3116b-63b8-4897-bdf0-fe6bce8d75f2,6282c33d-3665-46a5-a34d-a412816a5ea8,2023-01-06,33200743,Home,3779.00,3,12%,PayPal,Cancelled,France,Mobile,9976.56
707421d4-3239-404b-8bab-5b51385c5fdc,1a608f0d-7e41-42ad-86b0-915a8880f9fd,2023-09-14,48067928,Toys,8248.00,3,17%,PayPal,Returned,Germany,Mobile,20537.52
b5c25d42-9626-48c4-b44a-f454f0a61c5e,88662aba-1601-4cc6-9b16-0641207417e7,2023-05-17,2086514,Books,2884.00,2,13%,COD,Delivered,India,Mobile,5018.16
0884fd16-636a-4f8c-a7e3-f52c0cbf404d,e4d08ebe-d335-414c-a62c-e6a302fbad7c,2023-07-27,50783465,Home,6164.00,4,18%,Bank Transfer,Cancelled,France,Desktop,20217.92
defa7864-15ac-45c3-a217-cf253be95767,bf33551d-f629-4535-82b3-3be214ed05bd,2023-05-20,6772314,Books,406.00,4,15%,COD,Delivered,India,Desktop,1380.4
be3feafd-0e96-4d9b-9d15-8e442fcf3b87,65578e91-bee5-464d-be37-355efbdc678a,2023-01-05,88183862,Clothing,2170.00,2,9%,COD,Delivered,Germany,Mobile,3949.4
3baa17f9-2c62-4ac3-ad70-27cfa358cb1d,fc145cfe-469a-4289-ac91-c01e734c5192,2023-12-15,54390546,Home,8513.00,4,10%,Bank Transfer,Returned,UK,Tablet,30646.8
162d5c72-9ccd-4e1f-8c2a-bdaa9c5c11eb,a96e2bf4-5865-43b8-b915-486569967b5c,2023-10-10,19921709,Home,2490.00,1,13%,PayPal,Returned,France,Desktop,2166.3
c061c99b-831a-452a-9e6c-8762b475e15e,139e5ca2-b9e7-4780-821c-f26265739938,2023-03-16,75462086,Toys,7027.00,2,12%,Bank Transfer,Delivered,USA,Mobile,12367.52
e2091f49-e0a1-4d2b-857c-799848d002be,96062930-2860-4311-8315-d334e47c98ea,2023-11-05,22634986,Clothing,9586.00,1,19%,PayPal,Delivered,UK,Mobile,7764.66
0dcf035b-7552-46e8-a953-a1155a62ddc4,dba620f1-35bb-4db0-bda3-14883e1fa8ac,2023-08-08,90030956,Toys,6725.00,2,20%,Bank Transfer,Delivered,India,Tablet,10760
aa66b464-8420-48d9-b261-d0d2a1c2d9bf,0dbcad25-daac-43a3-82f8-9ef40b9bcb7e,2023-11-04,47944855,Clothing,6748.00,2,11%,PayPal,Returned,UK,Mobile,12011.44
8c141838-f468-40a2-a604-e5aff4db1c1e,b17078ee-1129-40f2-8f21-ae6a82e2f424,2023-08-16,52178115,Clothing,4639.00,2,18%,PayPal,Pending,Germany,Desktop,7607.96
6e3c18c9-ef1f-40a3-bc02-ba67ee04bdde,b5cbb690-735b-4a80-bfbd-aeed723dc8f5,2023-12-28,22563842,Books,7976.00,4,12%,Credit Card,Returned,UK,Mobile,28075.52
413770e2-7d7d-41f5-b460-d20d94b9cdb5,a9584453-c2ea-4172-a5a1-5243c7281f15,2023-10-02,55480819,Books,7599.00,4,14%,Bank Transfer,Pending,USA,Desktop,26140.56
56525ce0-3725-4d0c-b9c4-5c38b440ffe0,e15093b0-a07a-4b89-998d-f20b226dded0,2023-10-18,61967113,Books,7780.00,1,11%,Credit Card,Pending,USA,Tablet,6924.2
0d742256-0b36-43cd-8acf-eba4441030ae,992e7dea-0374-4263-8a06-09aa827acd0d,2023-02-21,72626801,Electronics,9155.00,1,6%,Bank Transfer,Returned,Germany,Tablet,8605.7
4a30f7cd-00fd-4c23-998c-a3b429b10823,5ba48aa0-aab6-441b-99e8-484c25d203e3,2023-06-08,56442199,Electronics,2179.00,2,9%,Bank Transfer,Cancelled,France,Desktop,3965.78
104dff66-23f1-467e-81d3-4690a795ac54,4c1f59df-f6b4-460b-9466-c7725df5672b,2023-11-11,78593800,Clothing,6937.00,2,5%,COD,Pending,Germany,Desktop,13180.3
38dfe76b-ae35-4290-ad80-ab08c963d148,40e5e8fa-b033-4368-a443-a7378072b635,2023-11-08,37862886,Toys,5707.00,1,19%,PayPal,Cancelled,Germany,Mobile,4622.67
8ec9ea98-6581-4934-9bcf-b1c4f87e3560,ce91e0c9-7abd-4241-85c2-b1052234c40f,2023-10-02,3483404,Books,3731.00,1,18%,Bank Transfer,Cancelled,USA,Desktop,3059.42
315e8080-7425-44e9-b891-aef5ebe0572c,dafd518d-d55f-4e0e-af6b-e029bbef627f,2023-12-10,85462038,Home,9216.00,2,6%,Credit Card,Returned,USA,Tablet,17326.08
9b3a0c89-1a32-4148-9bba-c83856e9b78d,56e16c2b-659b-4dcb-9bca-e27d331978eb,2023-11-23,94374001,Toys,334.00,2,13%,Bank Transfer,Cancelled,UK,Mobile,581.16
51abf5e5-cb77-4e24-95eb-3a3de2014a45,23aa9e67-70bc-4ec1-8d29-d77a793910e6,2023-02-23,66802150,Books,9224.00,2,13%,PayPal,Cancelled,India,Desktop,16049.76
e4bacd78-74ab-49fc-8930-d17952ab793f,f0041e32-4bc0-4de3-9197-b56179b68b95,2023-11-01,63468595,Electronics,721.00,2,9%,COD,Cancelled,USA,Tablet,1312.22
85a1282a-0761-485b-8168-705a533c9a31,54f5edf7-e9bf-49f4-b373-9067cf085288,2023-04-05,21530661,Electronics,7652.00,1,19%,COD,Delivered,UK,Mobile,6198.12
14827a89-5e63-44c6-b0ac-79dd0b5aafef,9a642c24-a34a-4c3e-9a68-fa2a59581c94,2023-03-01,45383991,Books,2157.00,3,14%,Credit Card,Returned,Germany,Mobile,5565.06
5882e3bb-8646-46c1-9eb4-e6c435a7c6ed,66b9b21b-9429-4726-a557-338d6175f16a,2023-12-03,90733420,Electronics,2017.00,1,18%,Bank Transfer,Cancelled,India,Tablet,1653.94
4053b188-339d-48f5-9658-b1b33012ae1c,4c43745b-8063-4ef2-a534-28bbb20ed719,2023-06-04,27301364,Clothing,3362.00,1,19%,PayPal,Pending,India,Mobile,2723.22
4d236555-bc50-44ac-baa1-72acac33f644,9090d244-c1d4-4db0-909b-f39cacb1691c,2023-05-05,66029441,Electronics,2725.00,3,7%,COD,Cancelled,USA,Tablet,7602.75
6279d944-dc28-47c6-8453-98134fee7144,6e6b3eba-3055-484e-bc38-bfd6d7e23908,2023-06-13,9347618,Electronics,7868.00,3,14%,COD,Cancelled,France,Mobile,20299.44
df39ccaa-580c-49fc-bb69-e69041300879,2adb6a67-83ad-4758-83e1-592e3765002d,2023-02-28,95175393,Books,316.00,4,20%,Bank Transfer,Cancelled,UK,Mobile,1011.2
4e49df56-0b64-4acd-bd6e-2667b6651d6e,98ecdbc6-cec7-490b-a3e8-6d638278e1e5,2023-04-17,90157349,Clothing,1173.00,4,18%,Bank Transfer,Pending,France,Tablet,3847.44
025b7c5f-1284-49d7-8d4e-2753ef26a5b7,881f93bd-e669-46b6-81af-b76b84733c88,2023-07-21,41019634,Electronics,9590.00,1,6%,Bank Transfer,Cancelled,France,Mobile,9014.6
702dc88a-b97f-43bb-becc-040c75ff93f0,d610de6d-819d-49b4-a949-2308c710fab3,2023-10-28,73786870,Electronics,1073.00,1,10%,PayPal,Cancelled,India,Desktop,965.7
6980b561-cf1a-4cc1-aaca-38110c26e5d9,eac503ff-79d1-4233-a5c0-7ecfd38a1bdb,2023-09-27,22087164,Toys,6997.00,3,18%,COD,Delivered,France,Mobile,17212.62
70aaf525-75e4-47dd-be5b-637dfa98c115,4d390362-6ef4-46b4-824c-222f577aa515,2023-11-23,52199578,Books,8693.00,3,9%,COD,Cancelled,India,Desktop,23731.89
3dbba3af-14db-4d22-95ea-e9d21e3d59d0,86d77094-a689-4303-a807-092d74ca0c56,2023-02-08,93760249,Home,8134.00,4,8%,PayPal,Delivered,France,Tablet,29933.12
275f275c-c3f3-474d-9386-1b58194665d3,31bf3b36-bac1-44b5-8a19-e5a80d5a2ad3,2023-06-17,48469074,Books,3436.00,4,13%,Bank Transfer,Delivered,USA,Mobile,11957.28
36a5be06-eb52-4e01-a25e-651269fcbef0,b0fde8c9-7575-417c-81ca-37f5f7de1a61,2023-05-17,17478571,Home,5258.00,3,19%,Credit Card,Returned,USA,Tablet,12776.94
d16903f2-13bf-49fe-9cdd-9f6c70cdc4a8,98e16bc0-3385-49c7-84ad-e7b7119b0fb4,2023-01-14,91436757,Home,8439.00,1,14%,COD,Delivered,France,Desktop,7257.54
e2f88051-c13c-4688-8f1b-5be16d4ba69c,fa9f941a-41a0-44be-9b0d-ff111a6c3c25,2023-07-28,72751497,Toys,3946.00,2,20%,Bank Transfer,Returned,Germany,Desktop,6313.6
f57b8a92-0a12-43b3-a4fc-0dbad44f85e7,d35169bc-0044-4690-b17a-7c84cb3d7ee7,2023-01-23,39284129,Books,3412.00,3,15%,COD,Pending,India,Mobile,8700.6
38553ac8-7d71-4591-bfee-2fc72e2dffdf,e55b88ff-f086-4962-b771-f867dfa2e52b,2023-12-02,8987877,Toys,1509.00,2,13%,PayPal,Pending,USA,Tablet,2625.66
476c4878-deff-4d7a-9728-525620ca35ab,e83f3278-2c70-4901-9e3f-4f152f5c5cbe,2023-09-22,42065463,Books,8976.00,2,15%,Bank Transfer,Pending,UK,Desktop,15259.2
fea2a33a-51d1-4bcd-9a23-754bef38d426,9c017e5d-5c41-4fb5-a94a-29d3f73c3dce,2023-08-16,36108,Toys,4315.00,1,14%,PayPal,Pending,UK,Mobile,3710.9
e64ddd91-8e9b-485e-9b77-0deb6f51ea78,acac00dc-024e-4609-8486-4d26cfd09276,2023-09-20,67931408,Books,579.00,1,20%,COD,Pending,India,Tablet,463.2
c9fe6036-8a83-4fc8-9c2e-55624916e844,054961d6-0438-43d4-a81b-3fe3fda48455,2023-07-29,27901045,Clothing,6333.00,2,5%,Bank Transfer,Cancelled,Germany,Desktop,12032.7
c707e77b-4bf0-4e53-b608-8c973380dcfc,2adfd824-edae-4c39-aa9e-062a9b89bf0d,2023-03-02,27233382,Home,4528.00,4,6%,COD,Pending,India,Mobile,17025.28
764ab510-9acb-4588-8397-d4127118bb71,f65a1a2a-4f76-4aac-9ec2-2e0cd4cd82fa,2023-02-26,775212,Home,2209.00,1,10%,Credit Card,Returned,France,Mobile,1988.1
45c596d4-42d0-4ba3-a265-2c9e89421c6d,d2bddb3b-649e-4503-bc73-7aead273dcbe,2023-08-26,9003644,Books,3845.00,4,8%,Credit Card,Delivered,India,Mobile,14149.6
9d683a9e-1e65-4ac1-843d-2c473b56735e,dbb59fc2-5cff-496e-bd03-c81f7ff35029,2023-06-01,7418211,Home,803.00,3,12%,Credit Card,Delivered,Germany,Mobile,2119.92
2c2df3c2-1951-4f87-b63f-83c6c89309e9,6e935faf-9502-41d5-967a-d0895acecdbf,2023-10-08,55838993,Toys,2767.00,3,14%,Credit Card,Pending,India,Tablet,7138.86
37d316a4-3faf-4217-aa27-241fbb9e5a02,0654f465-b311-49c4-9d86-fd12c8359b91,2023-01-05,38848322,Clothing,7549.00,2,17%,COD,Returned,USA,Tablet,12531.34
ff4533fe-bc6f-46ac-a139-d15d48d8b9ef,98082cf3-03a7-49aa-ac14-af79c4a0c1cd,2023-04-11,25114669,Home,6080.00,2,11%,COD,Delivered,Germany,Desktop,10822.4
89181ba3-bdee-4231-81a6-009ea8dce886,bd05bc2c-5a50-4a98-85c5-5e39881d0ee1,2023-11-02,84821560,Books,7793.00,3,8%,PayPal,Cancelled,Germany,Mobile,21508.68
0cbdc014-dbed-442e-ada3-13e783e9973b,624aadae-ebbc-41f6-9edf-f24b3567c813,2023-12-10,12068098,Toys,1761.00,3,8%,COD,Delivered,India,Mobile,4860.36
45c190a8-a52b-40ce-a27b-585f1f2de275,cbae0e93-2f39-4045-91bb-91c132620328,2023-01-31,49530001,Toys,665.00,2,14%,COD,Pending,Germany,Tablet,1143.8
908e0372-bcbe-4a42-b89d-3fda1e454241,26b18865-a878-4876-bf0d-f2ca2dc6c2ac,2023-02-24,3511442,Electronics,4084.00,3,13%,COD,Returned,India,Desktop,10659.24
b76fc5b2-acc5-42df-bac4-9efa5be12d09,685e406b-8171-41eb-9766-c1439c9afcff,2023-06-03,70163445,Electronics,8941.00,1,20%,Bank Transfer,Pending,France,Tablet,7152.8
483c1a4e-a91d-42cd-8bf0-6f64b4178592,e919b5aa-f0c9-4bea-a0a1-f43f9638a3c7,2023-10-04,99128159,Home,248.00,1,18%,Credit Card,Pending,Germany,Mobile,203.36
e6cd3595-d4f0-465d-bd68-17b638b80611,00b425aa-e7eb-433c-ba08-79fbdc7843b3,2023-12-20,54501645,Clothing,9838.00,4,11%,Bank Transfer,Pending,UK,Mobile,35023.28
4eb98768-84a5-41c3-9095-e4973d798f0b,9abf3e69-e5bc-47ed-afa6-80100ddd49b7,2023-12-24,54027534,Electronics,1756.00,4,10%,PayPal,Pending,UK,Tablet,6321.6
5f89d54d-3bcd-4aec-93ca-8c05acb5959f,a5f3aa63-a5cb-4d9f-a579-49170806989a,2023-07-05,31658126,Books,9548.00,2,11%,COD,Delivered,UK,Mobile,16995.44
9501e917-496d-427b-baf2-f402a0e624f1,15d0db43-80a1-4176-a2b3-4047ee4b0498,2023-01-30,29381487,Books,8123.00,1,5%,Credit Card,Pending,UK,Tablet,7716.85
03f7ba05-cf4b-4315-a325-4d812bdfb727,a20847d8-54ed-4b3b-8f70-70e66b58996c,2023-11-06,60537997,Clothing,590.00,2,13%,Credit Card,Cancelled,India,Tablet,1026.6
5df2e073-53f0-4099-813d-d49a8d99743c,d38b8f29-ed0c-4245-a053-6c6cea8713d2,2023-04-30,37817350,Home,1093.00,4,6%,Bank Transfer,Cancelled,Germany,Desktop,4109.68
cfdef303-0679-4b47-a283-453695decd6e,0fbc0318-b6e4-416e-b066-8cc99e7f0271,2023-12-09,95599069,Books,2586.00,1,8%,Credit Card,Returned,India,Mobile,2379.12
27be0381-6544-497d-a078-9f97213c121c,50ed6af2-235f-4be1-b8b5-5fb556d1079c,2023-01-08,15665324,Electronics,829.00,1,17%,Credit Card,Returned,India,Tablet,688.07
fdc12930-82ae-452f-ad40-76bcf9cb2ee8,bf3cfe56-a832-49e9-bae4-6529fa9fcece,2023-04-16,56684339,Toys,1655.00,4,8%,Bank Transfer,Cancelled,India,Desktop,6090.4
34dd7624-c3d9-43b0-a2b5-6be11392a255,7b33241e-fa22-45d7-bc6d-8ae1463e4336,2023-05-18,16323056,Electronics,3268.00,2,14%,COD,Delivered,UK,Desktop,5620.96
7f2a2e65-c659-4f7f-aa45-5fc7c80cb483,4502d7f8-54a1-496c-a9ab-fb0d9be57401,2023-07-02,61198906,Clothing,2068.00,4,18%,Bank Transfer,Pending,UK,Tablet,6783.04
f8247e70-b219-4ff3-846a-c0d691ca9f9e,756aa13d-13f1-484a-a55d-c720e5540022,2023-12-06,52257650,Books,9885.00,4,6%,COD,Cancelled,France,Desktop,37167.6
21d32e24-bb89-4746-bc3d-a91136a52df9,e5e6190b-28da-4b89-8130-8a09cddd03bb,2023-07-29,44562724,Electronics,8806.00,3,13%,PayPal,Cancelled,UK,Mobile,22983.66
62759469-c28d-4ad5-bbd3-147dd0f0c75d,8f15c995-424a-4898-832e-9e1e1b908d6d,2023-05-29,72685518,Electronics,827.00,2,12%,PayPal,Returned,USA,Desktop,1455.52
21ee302e-974d-4d49-9bc6-98825a7c831a,72a2761a-9ba6-4e98-a791-40e0b6fece9a,2023-09-17,2553146,Home,7434.00,2,7%,PayPal,Delivered,France,Tablet,13827.24
eaf94919-e69b-4971-bf9b-76efa1057256,9b83a437-28b7-405b-abc2-ded76bd8e65f,2023-05-07,59017899,Home,5931.00,3,6%,COD,Delivered,Germany,Desktop,16725.42
06a8e22f-d57c-4f0d-9db3-466d1ba6cc61,205bf9e7-c42b-43fa-ab4d-e9deec7b009c,2023-10-26,30771314,Books,9750.00,1,16%,Bank Transfer,Returned,Germany,Mobile,8190
7d3c279b-5bce-428b-989b-b03086c47b06,f02dd043-d01a-4ef6-a829-4aabafaf2b68,2023-03-07,33935508,Toys,9669.00,4,15%,COD,Returned,France,Desktop,32874.6
f568c9c6-033c-4469-8f06-ea1874a26444,95a37efe-1cc7-42b6-899d-5f9ec634effd,2023-01-21,44059057,Toys,7513.00,4,14%,Bank Transfer,Returned,USA,Mobile,25844.72
29bccee9-a71b-40ef-8e36-b82f3856be31,2f9f5bf9-d6b6-45d0-9c87-284dc5fa8ac9,2023-10-20,26168272,Electronics,2983.00,2,11%,Bank Transfer,Pending,India,Tablet,5309.74
cf2a2198-7ea4-46f5-a10b-4aada92d6b05,4b511edb-7b76-4615-b6b1-465dbf2b6442,2023-11-21,78505018,Books,9655.00,2,14%,COD,Cancelled,Germany,Mobile,16606.6
8bc88bcf-7b1d-4049-bcc4-616df40d2a37,af405e52-199a-4949-ba9d-82b8afbae6c3,2023-04-23,77038012,Home,768.00,2,14%,Credit Card,Pending,France,Tablet,1320.96
142a6c95-d908-4a42-b448-0761505e9c9b,46b01630-4321-4bf4-acff-30a0c3ac232c,2023-05-19,61627994,Toys,7277.00,1,6%,COD,Delivered,France,Tablet,6840.38
66dfeb1e-9ab3-4c27-a32f-8c5b425832c0,5b0eec4b-a2a1-4a45-9c52-d51ec8fe0b2d,2023-08-26,49608090,Clothing,959.00,1,5%,COD,Pending,France,Tablet,911.05
5100f186-d25a-4049-b0e9-be17b4134208,cd43cfeb-8938-4b90-9341-45328252f723,2023-12-27,32927276,Electronics,4170.00,4,6%,COD,Returned,France,Desktop,15679.2
f19b43da-6253-4fe3-8aae-b212c90ded29,9b9a9bf5-0a78-491f-8211-550313218ef7,2023-12-14,30808775,Home,5370.00,3,12%,COD,Returned,USA,Mobile,14176.8
50ae2652-09cd-4bdf-b56a-f7370f2670d2,f4105d94-c689-437b-b945-23fe03cb8f1e,2023-02-13,64759982,Electronics,7048.00,2,15%,Credit Card,Returned,Germany,Tablet,11981.6
3fe65f90-f631-481e-bf40-1e04b9f94ec6,68795e63-1f74-4e70-a36b-3a5f23746ddd,2023-03-05,12907779,Electronics,8422.00,3,15%,Bank Transfer,Returned,UK,Desktop,21476.1
ab1e6794-70f2-497a-9ceb-201357d9af8d,7b38a089-fa4a-4dec-88a8-6e3a62937980,2023-09-23,46300560,Toys,700.00,4,12%,COD,Cancelled,UK,Tablet,2464
39d5b552-a867-40f0-a8e6-a772b9cde60c,a1c56342-5033-45a4-86ec-9ad0e2cbef40,2023-04-02,73990833,Toys,5469.00,4,5%,Bank Transfer,Cancelled,Germany,Mobile,20782.2
298e9a79-abec-4c0b-981b-a30742965873,b3f175d0-15c7-4820-a3f3-e5aed1de4fa8,2023-04-22,95324883,Electronics,692.00,3,14%,PayPal,Cancelled,UK,Tablet,1785.36
92d6ff73-5b3a-4595-8458-92c14e0e15d3,bfdf8a9e-9446-4493-a4d6-ce54645cc176,2023-12-06,26914633,Home,902.00,2,20%,COD,Delivered,Germany,Mobile,1443.2
a1645f58-bb78-4b2d-8ee5-144d8a1d8b42,3590a2e5-0c78-4f2f-b9a1-1816fc7aad95,2023-11-29,19562681,Clothing,4878.00,4,10%,Bank Transfer,Returned,France,Desktop,17560.8
7db931ce-05a0-4421-9a79-b46a26b61b06,e70a26e9-eb6b-46ec-aa3a-5bf369946c6d,2023-10-02,71465562,Clothing,991.00,4,16%,PayPal,Cancelled,USA,Tablet,3329.76
3dd0c866-0649-4ef5-8fb2-de1ea0b976c2,c83235cc-995d-467b-8c13-33ce07117e78,2023-11-27,56403756,Toys,1441.00,2,15%,Bank Transfer,Cancelled,India,Desktop,2449.7
f20e8bda-39cc-4d88-832f-594d0b82b61c,bb2c2c42-8f6d-4117-a1ea-a1fa663eab2b,2023-08-15,31506632,Home,9426.00,4,10%,COD,Pending,France,Mobile,33933.6
d22a3a62-1109-4978-93a0-81a6a7647989,679bcce2-681d-40de-8c15-514db40eb501,2023-08-14,96365106,Books,9183.00,4,15%,Credit Card,Cancelled,USA,Desktop,31222.2
a9fa4ea6-f8db-4a4d-984d-3c020ff9d318,d5562dab-f4a9-44e3-ba4f-4535e45d8903,2023-05-12,34134139,Toys,3568.00,3,6%,Credit Card,Cancelled,Germany,Desktop,10061.76
ec071cf1-e476-48ec-a2c7-1d046c32faff,be216476-0e05-46b9-8bdd-4b9dfc2cd5c7,2023-08-17,23965423,Home,9508.00,1,19%,Bank Transfer,Returned,USA,Mobile,7701.48
245db6ca-6f6a-4196-b2ef-7dce376e22a6,8adab689-e0dd-4541-b218-9a39d63a7486,2023-11-11,38702792,Toys,9690.00,4,9%,COD,Cancelled,Germany,Mobile,35271.6
a629d332-2d4b-45a4-8fdc-13515ba830dc,e6e4ac85-f101-45fd-8f81-598725394778,2023-05-09,10474389,Clothing,277.00,4,5%,Bank Transfer,Delivered,France,Tablet,1052.6
c90853fd-fc9e-4692-ba62-6aee542d19c0,96ab64d2-3512-4906-a4ed-017b208a888e,2023-10-23,82542252,Electronics,3307.00,3,18%,Bank Transfer,Pending,Germany,Tablet,8135.22
027752fe-61f6-4c6e-a89c-0559bf4fa4a3,16db36e4-d4ae-4486-ab19-4984f49eb5a6,2023-01-25,64577623,Toys,497.00,1,20%,Bank Transfer,Delivered,UK,Desktop,397.6
88a0edce-4384-460c-a413-961f68c6dd5e,44933c86-49ad-4e95-b837-e5069398dbd6,2023-07-06,97346678,Toys,7192.00,1,20%,PayPal,Returned,France,Mobile,5753.6
fb0a6a90-bc52-434e-8dfa-4cc88805ae31,af44eaeb-6734-462f-b62d-a54040b1f64d,2023-10-20,5750573,Toys,8787.00,3,18%,Bank Transfer,Returned,India,Mobile,21616.02
c2537638-7670-4835-b476-998dafc8128a,dcbcd86e-a2e8-4f7a-9d6a-f484024d65de,2023-12-22,57118444,Electronics,5031.00,4,6%,Credit Card,Cancelled,India,Desktop,18916.56
1f626a97-ebe7-4f91-9092-0b690abc847e,c7361a75-c61b-4c77-8602-15be0d326347,2023-11-22,96571576,Books,3630.00,2,7%,COD,Delivered,UK,Desktop,6751.8
2bdb5720-63ea-407f-b436-498e68afe2b8,a3b4e529-02a0-47fc-a04e-e43c11f63e9b,2023-05-15,68068509,Toys,2525.00,3,8%,PayPal,Delivered,India,Mobile,6969
9f312acb-2362-4bc1-8024-532000cbd313,240eb6c1-c5cf-455f-a78d-b4f648df480e,2023-01-04,50978960,Books,3110.00,3,19%,COD,Delivered,USA,Tablet,7557.3
d70da545-8391-47a6-a977-4b71de6d2d7e,227400da-81de-4808-82ff-347bd527b331,2023-08-15,30488397,Books,4427.00,1,13%,COD,Pending,USA,Tablet,3851.49
1463c5f8-25ee-44ab-b319-1702bb80d98d,f4098aef-1d50-4ccf-bec0-9878f0344058,2023-06-18,83186189,Toys,5813.00,3,17%,Credit Card,Cancelled,India,Tablet,14474.37
d4088ff7-d713-4061-bcc4-f772547e3918,d20eab0e-bd87-44d8-81a5-0ef1550c54d4,2023-10-12,4550723,Books,9563.00,2,14%,PayPal,Delivered,France,Mobile,16448.36
f22a4fc6-3f2d-48a8-ad20-481ad216ad53,548c3ec4-2536-4ca8-966a-45e952c51809,2023-11-21,89099964,Home,4178.00,3,14%,Bank Transfer,Cancelled,France,Desktop,10779.24
e575ae93-ce74-4e8a-b4e1-680b05a02c72,160d0b9e-1004-4975-8045-883b940f737e,2023-01-27,47498341,Toys,2926.00,3,7%,PayPal,Returned,Germany,Tablet,8163.54
d69db137-c9a5-4cd1-be28-e8c52b395c4e,7378e6ca-40fd-4aaa-b504-e26c5f7e07d3,2023-08-13,23373341,Electronics,5362.00,1,13%,Bank Transfer,Returned,UK,Mobile,4664.94
b7c144fb-2b16-4d04-8fb8-7c76af044a8d,7874166b-7c34-46eb-aeaa-ec4854f1a7a3,2023-09-06,53952165,Toys,3435.00,2,7%,COD,Pending,India,Tablet,6389.1
dd5aacc7-ed7a-4edf-ad5b-7d501417d4f9,14b3f264-1598-434a-86c5-2c1b8923cba1,2023-07-21,33993621,Home,9030.00,2,17%,Bank Transfer,Cancelled,India,Mobile,14989.8
a0e77486-9ed9-4124-9a89-5c62990e8f01,c6cbb179-6239-430a-b052-5bb650c67350,2023-07-17,74911431,Toys,3785.00,4,10%,COD,Returned,Germany,Tablet,13626
9d6c84af-266b-4d37-b5c9-9b49751f7e54,8d20dbea-7ae3-48cf-8ace-37d3673ef518,2023-05-16,517447,Home,4488.00,1,6%,Credit Card,Returned,UK,Mobile,4218.72
571aa4f6-40a2-4015-8a40-a3799a1ab357,e80d2403-12f3-48a1-84c6-50276d05f2e3,2023-05-06,76438585,Toys,6352.00,2,8%,COD,Pending,France,Mobile,11687.68
606375b8-bb93-4826-bcee-9d29ce4f1ca0,664ceba8-a4ef-4def-a4cb-0b4e3825a7e1,2023-04-05,91565181,Electronics,491.00,2,13%,COD,Cancelled,France,Mobile,854.34
e3b4df81-eeb3-462c-a032-149d06fafb60,503a65d5-82ed-45ab-9fde-522dd429e0c9,2023-03-14,29799688,Electronics,2912.00,3,17%,Bank Transfer,Delivered,India,Mobile,7250.88
5bbdd1f4-16f1-4aad-bf10-7645094c0230,24a703e3-120a-402f-a11a-15c325efc3a9,2023-09-04,54822122,Books,7132.00,4,14%,COD,Cancelled,France,Tablet,24534.08
754724dd-269b-4c3b-abf0-f4bd4af0a6fe,a5005582-6250-49f9-88d1-7e6327e8aeae,2023-12-07,14038563,Home,6963.00,1,5%,PayPal,Pending,USA,Mobile,6614.85
298b7e5d-5b16-44ad-81e7-74de3c740119,116febe7-aa0c-4327-9daa-42fc90b15e3d,2023-05-16,85189706,Books,694.00,2,8%,COD,Pending,India,Tablet,1276.96
566ff3ec-679b-49e8-80c3-2da9bc49b58e,4d7e4449-90b6-4394-8482-36e9863c6992,2023-07-15,38606694,Books,9956.00,4,12%,COD,Pending,India,Tablet,35045.12
f1c58f44-7e08-4c1b-8da6-a326451437d6,de8e3228-aa64-4f16-b035-50885a2bf7fe,2023-08-02,88311562,Toys,3739.00,1,5%,Bank Transfer,Cancelled,Germany,Tablet,3552.05
87c47eb8-4f8e-4e01-83c8-e1046480fdc0,976ae5fb-66f1-40a0-ba1a-262bba13834f,2023-04-19,84377296,Home,7238.00,3,13%,Credit Card,Returned,UK,Tablet,18891.18
780afabf-8cea-409b-89c9-4aa5e689e5e8,ab6fc9e7-be72-4448-91b5-ab77d09e1abb,2023-11-20,94887518,Clothing,1868.00,2,11%,Credit Card,Pending,France,Tablet,3325.04
88239867-c5dd-467b-88f1-100bfa3222c4,832d5e70-777c-4128-9f51-9184e79d4d5f,2023-04-13,5572847,Electronics,9406.00,4,8%,Credit Card,Delivered,Germany,Desktop,34614.08
ef208346-432f-4308-8d56-206d920c3de9,808ea422-c6f6-41d5-bb77-ba5f586076e3,2023-12-07,1727487,Books,328.00,1,8%,PayPal,Returned,USA,Mobile,301.76
6522ff46-74b7-461c-89ce-15a8afd4fc7b,c81a58a6-6245-4749-b9a6-edc1099fb91b,2023-11-24,22913821,Books,8723.00,2,5%,COD,Returned,Germany,Mobile,16573.7
58ba0bf3-675e-4c52-9eb9-5739b8acdd81,cae1367a-579e-4b08-9db1-3edffa29559d,2023-03-25,70185560,Toys,4526.00,1,17%,PayPal,Returned,USA,Desktop,3756.58
45e695b1-054b-4816-8d18-533e7efa2faf,93098549-3ff0-4579-81c3-df9183278f64,2023-08-12,53167996,Toys,1336.00,3,11%,COD,Pending,France,Tablet,3567.12
4100e665-08c6-46a9-bee4-e6bcbd6deb92,5e349e31-1c67-456d-b9ac-d84313b2cc15,2023-09-14,81999743,Home,674.00,3,5%,Bank Transfer,Pending,India,Desktop,1920.9
b3e4bd3a-94fe-41a0-ae2e-45a4ae4404d7,3e6fdeb2-9e76-4f95-843e-ebcc6f69ed69,2023-05-14,5871841,Clothing,3445.00,4,17%,PayPal,Cancelled,France,Mobile,11437.4
feb46b24-4a2e-4d41-addb-0263c6a2894d,81ffbbc1-84c8-4b95-8637-da9e8bb62aff,2023-12-14,19509242,Electronics,7920.00,4,15%,COD,Returned,USA,Tablet,26928
c33993f2-3504-4f77-8317-c3d4afa4f554,91e54b3a-0a4e-4eb7-b97b-8d621c9527d0,2023-04-18,25736588,Home,7985.00,2,6%,Credit Card,Cancelled,Germany,Tablet,15011.8
62d59938-571c-4d78-8429-aeae877e5ea1,5da23c06-f146-4080-8a2c-f6a95bd38392,2023-01-08,5597376,Home,830.00,4,19%,PayPal,Delivered,UK,Mobile,2689.2
402988fd-f8cc-4f3b-959b-148ffa7bff5f,7c6d74a8-44ee-4071-9745-ef5a2e0885fc,2023-05-30,69956676,Books,7273.00,2,13%,COD,Delivered,USA,Tablet,12655.02
fb52451d-90e7-41a1-9db1-dfdc357f0a64,e1dafdd8-ea09-4bb2-8187-715f7baf204d,2023-06-21,32703078,Books,2445.00,1,16%,Credit Card,Returned,India,Tablet,2053.8
f16f1487-f7f2-4e5c-8e07-55e354565b12,cfa88592-0055-4e42-ab49-6a3bf26ce972,2023-02-16,2128313,Home,4903.00,2,15%,Bank Transfer,Cancelled,India,Tablet,8335.1
ac825818-960d-4788-be1e-165decadbb86,a7838837-3c74-4bc2-8504-644fa5dc7c7b,2023-01-01,16380264,Electronics,1059.00,3,17%,PayPal,Returned,India,Desktop,2636.91
e02a35e9-ae6b-4c8e-8864-4581b8577478,b9ab308f-be2b-4272-ba37-e212a78c1cda,2023-12-27,21658372,Toys,3180.00,3,5%,Credit Card,Pending,Germany,Mobile,9063
de386aeb-ea96-4be6-a99c-f16b5a7583c0,cd84344b-aef4-42a7-9821-6f30e31b9123,2023-06-29,1138115,Toys,9085.00,4,9%,PayPal,Delivered,India,Tablet,33069.4
d8a1a546-54a6-487c-a72e-aa36e642965c,b9c3a78f-c8d3-4cee-9370-c51fd8e2ba4c,2023-02-08,81910243,Electronics,5724.00,3,20%,Bank Transfer,Delivered,USA,Mobile,13737.6
95be263b-0253-4c8c-91f0-c570bf5545ce,c2de5950-0b2f-42ef-ac09-59b82924b159,2023-03-31,79824491,Home,8670.00,2,19%,Credit Card,Returned,UK,Tablet,14045.4
27fa8b8a-909b-471c-8d1f-0a7fd0fce922,a8936bd3-86a2-4efb-baf0-cf69bd2098c6,2023-03-16,99354275,Toys,163.00,1,13%,Bank Transfer,Delivered,India,Tablet,141.81
4a8b77da-5cfa-48b1-9836-78eef3ca5f64,d545de36-2a36-4435-ada0-4e30ff741d1c,2023-08-15,25332964,Electronics,6770.00,3,13%,PayPal,Cancelled,Germany,Tablet,17669.7
7eaf1679-52b0-4994-8b1d-d9fda02ebb76,af58e381-49ac-4f36-b202-054f62a10ce2,2023-05-04,76092909,Books,678.00,3,20%,Credit Card,Pending,UK,Tablet,1627.2
6e566274-99c7-4bea-a756-264dc8649f78,36890df9-7bd3-4c4b-948c-52c8e0f24eb3,2023-12-10,41060230,Books,6013.00,2,7%,Credit Card,Pending,USA,Mobile,11184.18
c9d0a7f4-0042-4fc6-ab87-71dffccae6b8,7448f798-b50a-476c-86fc-cff0e9e4f06c,2023-04-07,41309766,Toys,6976.00,2,9%,Credit Card,Cancelled,UK,Tablet,12696.32
711fa10a-0b29-45c6-918f-f3582408c3c2,d36d8076-998b-4e1c-9f81-fca3ffb1c2c9,2023-12-06,67341573,Electronics,4049.00,2,9%,Bank Transfer,Delivered,Germany,Tablet,7369.18
0262a5aa-edec-41ef-9762-762620379089,9c8fe812-2c64-4b82-abbe-bd4ff9e590e4,2023-10-10,65900192,Electronics,6142.00,2,5%,Credit Card,Returned,UK,Desktop,11669.8
e8ef99e9-7afc-40cd-b8bc-6621f2d7fe55,53e82886-9411-423a-90b4-17eb7111f1d1,2023-07-26,97737803,Clothing,9509.00,1,14%,COD,Pending,France,Mobile,8177.74
a9afa87a-d181-49bf-aa09-9a46f25a3c68,c4fa9dd1-9160-4261-ae10-7e22fa7199d6,2023-02-02,43035847,Electronics,9381.00,2,5%,COD,Delivered,UK,Mobile,17823.9
9cb9f9aa-bf4d-4eaa-81f2-005bc7537df5,24e2e13a-a0e5-4d8c-9d75-24bcdd82016d,2023-04-26,6533359,Clothing,6828.00,4,18%,COD,Pending,USA,Desktop,22395.84
efa2ce12-8c83-4848-91fb-a56e300a2187,3cbafcaa-6435-40a0-adf5-e2aa832cb6a7,2023-12-20,9101357,Electronics,3561.00,1,15%,PayPal,Returned,India,Desktop,3026.85
d48457df-f325-4f2d-8759-5b016c835975,3d992624-4b93-48d9-a188-0ea05e5ecd0a,2023-11-12,91864321,Books,6456.00,1,6%,COD,Pending,France,Desktop,6068.64
10339310-2b7b-4e99-878f-40ed2c805ac7,3de674fe-f66b-42a9-8142-452b361c57ab,2023-11-10,77739186,Books,8745.00,4,15%,COD,Cancelled,India,Tablet,29733
94665d45-284b-4bcd-a3af-11d0a8ab29f1,ed825ea8-dda9-402a-964f-bdde895585be,2023-06-28,82159214,Electronics,5645.00,3,9%,COD,Returned,USA,Tablet,15410.85
a1d33772-8101-4c5b-b110-397a1c2c7a34,749df1ff-f13a-4049-9f3f-a533e28cfc3c,2023-06-23,46432131,Books,5155.00,4,6%,PayPal,Delivered,India,Mobile,19382.8
627b9de7-9ae4-45e0-8b1d-c2f8cbf1f93c,9fbd4b9f-5675-4682-996d-66423cf87ff0,2023-08-22,34401286,Clothing,9638.00,3,16%,Bank Transfer,Returned,USA,Mobile,24287.76
4fb7c3bb-4408-404c-af44-6806c1378e75,3e5aed83-5272-4246-a57e-a412a2157489,2023-05-13,74211395,Clothing,6042.00,2,14%,Bank Transfer,Delivered,Germany,Desktop,10392.24
c74dd25c-6dbf-459c-837d-975248f3531c,41b72448-c286-4234-9815-80dc24d878a1,2023-04-04,83327377,Toys,1690.00,3,12%,PayPal,Returned,Germany,Mobile,4461.6
47caf779-b7c9-4da8-91db-32f8fda834ea,b4642bad-8959-4298-ac48-1f988ce67bdc,2023-12-14,97156826,Books,5491.00,4,18%,PayPal,Cancelled,USA,Tablet,18010.48
86fadb0e-89b1-40d4-8218-ca25f23db306,e4c80a29-1d5f-4dfc-98b0-b4d7b5e16e19,2023-07-14,6992927,Electronics,7856.00,1,8%,Credit Card,Delivered,India,Mobile,7227.52
579e9a46-fd76-4f63-9163-de1d8df7a267,346eba31-7ad5-4f81-b267-8417ec023a99,2023-07-05,65883358,Electronics,2210.00,4,20%,Credit Card,Pending,UK,Desktop,7072
6e83a7b2-c857-48c3-b4a0-697630a31251,5ba1cdb6-99ae-49de-ae78-33c5b11bb2df,2023-06-14,39706973,Clothing,4123.00,2,7%,Credit Card,Cancelled,India,Mobile,7668.78
01847803-d840-4ccb-a446-eceecaa0a679,cd59bece-b5bc-4583-bfc3-4af19af08b9a,2023-12-28,8535207,Electronics,8078.00,2,8%,PayPal,Pending,France,Tablet,14863.52
c8dec9ab-27c3-4784-82e7-448cc0037457,e79d1be2-7f29-486c-8a73-0eaa16bb4fb0,2023-07-10,57189642,Toys,9852.00,2,14%,Bank Transfer,Returned,India,Desktop,16945.44
c81236e6-ec77-4fc8-b38e-5adba93fa902,45ffa36b-63c2-423d-8b32-bc8635d5870d,2023-01-05,98230716,Books,1510.00,4,19%,COD,Delivered,India,Tablet,4892.4
76d142d0-5c66-49bb-a257-4c5a903374bf,d813a70f-5a9c-40b5-b3b8-87d38301c5b9,2023-07-25,37494407,Electronics,328.00,2,7%,Credit Card,Pending,France,Tablet,610.08
e994f3e6-8fc4-4dd3-894f-7d5af313c0b0,054f0566-bb1a-48e2-90b9-1e51681e5658,2023-12-10,95410906,Electronics,6225.00,3,16%,COD,Cancelled,France,Desktop,15687
cc68fd3f-9d37-4a5c-a2fc-7fe3696100ac,326ea68d-f4e3-4152-b12c-d4340b177efd,2023-08-15,70210446,Clothing,1736.00,2,10%,Credit Card,Pending,USA,Desktop,3124.8
e65a3ae4-3a72-417d-829e-d120cddb2316,d8ce8d9a-29de-476a-94ce-14b39a9a56bc,2023-03-15,11139904,Books,4489.00,1,8%,Bank Transfer,Returned,USA,Desktop,4129.88
fb46ed39-8772-4347-9cba-9be3040464c0,4037fffa-14b8-417e-b555-5ded8ea5e386,2023-08-07,55997089,Electronics,7200.00,2,19%,Bank Transfer,Pending,UK,Desktop,11664
31cb5e8e-ae25-42ca-a894-8b4cf0fcccc6,7c8765b6-b04a-4620-89ab-05a8806094aa,2023-01-27,97649038,Books,1084.00,3,19%,Bank Transfer,Delivered,Germany,Desktop,2634.12
b3390a6e-a0b8-4e45-9abe-c113a1832fdb,d9371f2a-506e-4fc6-905d-2cb96b76911f,2023-01-23,55526364,Clothing,3666.00,4,7%,COD,Delivered,USA,Tablet,13637.52
bc39e1b3-bb1d-4677-84e6-748a7f3ab7dc,b334ebbc-ef6e-4981-be23-bd25ac788719,2023-07-27,498340,Home,2055.00,1,8%,PayPal,Cancelled,USA,Desktop,1890.6
3df8eeef-e44a-41f6-9251-ad083fcb34fa,0df099c5-62a7-4dc7-b273-38fcdfa69923,2023-12-21,29064304,Clothing,1231.00,4,15%,Bank Transfer,Cancelled,Germany,Tablet,4185.4
c2112eda-f1e7-4a9b-af65-70d74643d705,e47e3d10-1d72-40fe-aa28-9858dd07edc6,2023-04-01,9279230,Books,8156.00,3,12%,Credit Card,Delivered,USA,Mobile,21531.84
92b95731-13f2-4c86-ab83-f00fed2ee36f,28e2f201-fbb2-4429-95ab-42c50f08502e,2023-02-21,95468181,Books,259.00,4,18%,Bank Transfer,Returned,UK,Desktop,849.52
b6bca2a2-be79-4965-bc9a-923672bbe7b3,b85f2ec4-9d6f-41b5-8420-e63bc34dfc64,2023-10-30,73440598,Toys,2459.00,3,13%,COD,Pending,UK,Desktop,6417.99
e51c0cdb-8247-44df-9d1f-8e30731c877a,8c46e2bc-4f12-40d5-b028-dab48f0c417a,2023-07-28,49434583,Electronics,2376.00,3,9%,Credit Card,Pending,USA,Tablet,6486.48
19b53b7f-b47a-4dce-8f70-9452ce8c037e,ea8760aa-da4d-4a76-aa34-bfb4e62a3fb5,2023-03-03,44671167,Books,552.00,3,11%,PayPal,Cancelled,UK,Tablet,1473.84
70c455a9-2a1b-4112-b033-1476f53fc3dd,f230400a-386b-41c0-9ffe-6c117b51aca6,2023-10-31,32345872,Electronics,8869.00,2,20%,Bank Transfer,Delivered,India,Tablet,14190.4
6d3f4b37-ed90-41c1-90b2-e6e5ec6e61bd,148680de-b9e7-49c6-96f4-8941ad283c0d,2023-04-15,79638753,Home,466.00,3,6%,PayPal,Pending,UK,Desktop,1314.12
4598244b-f0bd-4405-a50d-d400a27ee80d,a0ce5b5f-ca56-4921-b942-2f1efed97f9e,2023-05-09,13974916,Electronics,5539.00,2,12%,PayPal,Cancelled,France,Tablet,9748.64
c1fa924e-e1bc-4fb2-afed-6cc540b000a4,047cd56e-fd6c-4364-8191-cbeb175bf448,2023-11-24,138659,Books,1128.00,2,11%,COD,Returned,France,Tablet,2007.84
53e83663-9c14-440d-9b2d-81ccc602bd20,835875c3-9520-49e4-a8fc-f210dac15a07,2023-04-05,81174775,Books,5918.00,4,9%,COD,Returned,France,Desktop,21541.52
7e15aa2c-07b6-428f-8e98-ce2517337a7c,d112460c-bba1-4642-b4a8-bcd354b7e75b,2023-01-07,4887591,Books,6430.00,4,9%,Credit Card,Returned,USA,Tablet,23405.2
33e9e55e-4024-42a3-8334-f55802cee581,e6b0643c-1884-47d8-be9f-9ff698bc2c7a,2023-06-23,72830796,Clothing,5378.00,3,11%,COD,Delivered,UK,Tablet,14359.26
6f844392-62f9-4bb2-a5dc-ac6cc329870a,0a8f541d-052b-4051-bc24-1ca590425d14,2023-09-03,33930411,Clothing,187.00,4,18%,Bank Transfer,Pending,UK,Mobile,613.36
ac4ebce0-a02a-4b21-a2a7-d0fcc683ad33,eee05fb7-d2d6-440d-9871-1121c9e8060c,2023-01-16,65652961,Toys,5676.00,1,20%,Credit Card,Delivered,Germany,Tablet,4540.8
d2928f4b-e151-4a0d-b275-16ea63a6aae9,d0d65fdd-176b-4101-8fe5-143bbae8d99f,2023-06-19,72623053,Clothing,2789.00,4,9%,Bank Transfer,Pending,India,Mobile,10151.96
5ac5f4f0-771e-4087-952b-1ee109d5b64f,b5b46896-6432-4fe8-9ecc-ac5b968d4f41,2023-06-16,77154927,Home,1696.00,3,14%,Bank Transfer,Pending,UK,Tablet,4375.68
907d8532-2076-4932-919c-21edd47133e7,93658891-e460-4a02-85ac-c61220de5de4,2023-11-06,40384436,Electronics,5132.00,4,16%,Credit Card,Pending,Germany,Desktop,17243.52
d26eeeba-53ff-4644-8741-ee56b5e2834d,9c7221e4-ec1a-48a3-ad51-fa2bf13a2ff3,2023-03-24,17187527,Electronics,7994.00,4,7%,COD,Pending,USA,Desktop,29737.68
ebc16f69-7946-4978-a5e9-675306389bd3,e195f855-dd4b-4f7e-b559-ddc787fde43c,2023-08-09,48103350,Electronics,3230.00,3,9%,COD,Returned,UK,Mobile,8817.9
14dc01bc-0aa5-4583-a2a5-a421858da7da,28a3938c-4ba4-45e2-8718-e12c32a564ff,2023-11-18,82553432,Electronics,5645.00,2,19%,Credit Card,Delivered,India,Desktop,9144.9
5c6be596-58f1-4c91-9d6d-47e490e0172f,f3807543-9722-4f90-af07-3516e8a14cd3,2023-06-19,80644644,Electronics,3503.00,4,13%,Bank Transfer,Returned,India,Tablet,12190.44
b7a02afd-30d6-463f-91c2-72d801267789,e03cc361-214e-40ee-a30c-2ebd39dc2c06,2023-11-19,10092385,Home,2673.00,2,17%,PayPal,Cancelled,USA,Tablet,4437.18
789a2829-8a66-4359-abe0-a1771c5e1698,c9d9db15-7efa-4e99-8204-5f8c3a72a669,2023-04-25,8299420,Home,2018.00,4,16%,Credit Card,Pending,India,Tablet,6780.48
d763b159-ed9a-489a-9085-2f4f0b09ec41,9dbff93f-bc03-4029-a530-53ae4db1762e,2023-12-15,29707942,Toys,345.00,2,11%,PayPal,Cancelled,France,Desktop,614.1
067fece7-f1ff-46dc-b45a-a79bd855fb35,22e7ee59-1414-4ca8-b455-f1f64574a37e,2023-12-01,83513329,Electronics,4368.00,4,13%,Credit Card,Delivered,India,Mobile,15200.64
2011bc8a-e7bf-4a96-a484-9eb55096ccf2,682e4002-a9f1-4f7c-97ea-0686e5f14395,2023-08-18,24874748,Home,1173.00,4,12%,PayPal,Pending,Germany,Mobile,4128.96
a2b4d215-c3c5-407d-be29-2238fbfbe602,32e97761-2e97-4c72-b3c7-3944f95c46f7,2023-08-08,35327721,Toys,8036.00,2,18%,Bank Transfer,Delivered,Germany,Tablet,13179.04
2462c274-abbf-46c7-a80a-ee2a466bd06f,59f88a69-0466-4d6b-96ba-d500ded1b802,2023-09-04,83664359,Electronics,7272.00,3,16%,PayPal,Returned,India,Tablet,18325.44
ddda17a3-6779-4e0d-a5c1-df67987d616d,ad982a08-7ad0-4668-a892-d63b89aeb616,2023-04-11,47266766,Home,5993.00,4,8%,Bank Transfer,Pending,Germany,Mobile,22054.24
29b49664-0f52-461d-82f1-240d4e5c6dd2,bdc5a588-d0ab-4ea4-815f-47ca204e6817,2023-08-10,39049803,Clothing,183.00,1,9%,Bank Transfer,Pending,France,Tablet,166.53
e91e70af-224a-4354-a490-7635201910c6,b86137c3-e5ff-47d4-94e1-53ca45568d6d,2023-06-28,79069922,Books,564.00,4,8%,COD,Returned,USA,Tablet,2075.52
b75db71e-a453-4fe9-b48f-653e7b1bcb6b,b0f62b9e-da34-4d17-9e31-e1f9b30cc272,2023-06-24,942102,Electronics,3200.00,1,13%,PayPal,Cancelled,USA,Mobile,2784
bad4c288-0bf5-4ed8-b93c-2989c399fd7f,99605cd1-cab2-4a0a-877e-2817ddd1b251,2023-04-04,45046162,Home,3432.00,1,20%,COD,Pending,Germany,Mobile,2745.6
d2d07223-0b20-4e0f-8505-0a17d2e1ed4d,e4ed458b-010a-43f8-b877-87e2bc8a8038,2023-04-25,65332979,Home,4485.00,1,6%,Credit Card,Returned,UK,Mobile,4215.9
b2835498-be80-493e-b0f1-bb1d8e10fed6,bd869312-3506-4af5-92eb-e96b24b7d424,2023-06-11,65782910,Toys,2126.00,2,8%,PayPal,Delivered,Germany,Mobile,3911.84
2e22fd39-f31e-4448-a323-c57fa197b954,6b0efd01-00dd-48b3-acea-35a393d5e33b,2023-09-26,47912489,Clothing,1012.00,4,16%,PayPal,Cancelled,UK,Tablet,3400.32
d020baee-95fc-4389-8cd6-6756583e26a4,89de7a2c-7c26-4722-a53d-c9ce208d549b,2023-08-13,38569517,Clothing,1032.00,3,19%,PayPal,Cancelled,India,Desktop,2507.76
2ca723c4-8f4e-4442-94aa-aefe153251c9,f317930e-5199-4cf1-80d9-a24e0a833038,2023-08-22,57012247,Clothing,8098.00,2,6%,COD,Returned,France,Desktop,15224.24
ccd9f2af-339c-4a75-83fd-46ffd03459a4,74e56c68-2ca5-40cb-ab78-a4ee385127f1,2023-12-03,42325581,Home,8133.00,2,5%,Bank Transfer,Cancelled,UK,Desktop,15452.7
b56b9357-b34d-48b0-93f3-c15842ce91c0,714d85bd-e197-4c14-aa06-9b5b510d115a,2023-03-08,33908380,Books,9269.00,3,18%,COD,Pending,USA,Desktop,22801.74
8476af98-425d-495f-8846-bf9040fe6898,a3289b58-a62f-45c2-b0cc-8eec3b3fd363,2023-05-06,75267735,Toys,4552.00,4,12%,COD,Cancelled,France,Mobile,16023.04
e8f58c5d-ffa0-4419-b4db-cc40ef7dee1a,b51e3a7b-acdf-4038-867c-cafabbe74e1b,2023-05-19,78643185,Clothing,1924.00,3,9%,Credit Card,Returned,Germany,Mobile,5252.52
72e6316e-e671-4ad2-81b5-468a27bb1580,7d7a0bfa-598c-4a5c-99b2-b59530519f6a,2023-04-23,76945113,Home,296.00,3,17%,PayPal,Pending,USA,Mobile,737.04
a1ee691a-09e1-43b0-a71f-27728d7f7ba5,96b09e29-89e4-49df-9a45-a71745ac1564,2023-08-07,23782075,Toys,1567.00,2,8%,Credit Card,Cancelled,USA,Mobile,2883.28
83210210-a43c-491d-ad4d-a4ef95e38180,49262a13-37c6-4f46-8860-95c2f812b022,2023-06-05,28720324,Toys,7112.00,1,17%,Bank Transfer,Cancelled,France,Desktop,5902.96
50eaa1d2-c1f8-490b-a55e-44b808a6d5b4,2cd9f51a-10c3-43bd-a478-a3998d682a61,2023-07-04,39055743,Home,1300.00,4,14%,Credit Card,Returned,Germany,Mobile,4472
31610b3d-1257-463c-b25d-cb50d15b5985,970a06dc-f444-4dae-9d21-ae7c60252b8d,2023-05-01,59551461,Clothing,3325.00,2,10%,COD,Cancelled,Germany,Tablet,5985
9c63765b-74e0-4bbb-8a80-33a7a5fd89c8,845414a1-185f-4df3-a6d5-eb2ee891f80c,2023-11-18,17959568,Toys,6342.00,4,6%,Credit Card,Returned,Germany,Desktop,23845.92
85b303d3-756b-4c0d-8ff0-c8ac3d1cd68c,dec8633f-b738-48a4-a373-624bda3f22d1,2023-07-17,11028956,Home,3384.00,2,20%,PayPal,Pending,Germany,Desktop,5414.4
e9a4a856-556b-40fa-b5a3-cece28cdc38a,24e90316-75f8-4092-aa4f-44cfeafd080b,2023-12-11,30181465,Clothing,4991.00,3,12%,Credit Card,Cancelled,UK,Desktop,13176.24
c5826444-79fa-4501-a287-401ba7bbaa76,bbca76e0-e56a-47e7-82f8-11266c2c90a7,2023-10-18,64570341,Home,579.00,4,16%,PayPal,Cancelled,USA,Tablet,1945.44
1519401c-8b1f-4137-8ea2-55e08e50c79a,ca92720a-c2e8-4ae2-b1f0-e15089419b16,2023-01-04,56501100,Books,606.00,2,6%,PayPal,Pending,Germany,Tablet,1139.28
00a1402e-57e7-4f7b-8486-10cfd21276c2,43db0235-1184-48fb-bd33-5a642d79f3f6,2023-07-08,59204947,Electronics,7845.00,4,15%,Credit Card,Pending,USA,Tablet,26673
1a9e8547-147a-48ac-865d-8e4ed01e488b,604c83ca-53b9-4632-b967-522170c43406,2023-08-27,93858335,Home,4279.00,1,12%,COD,Returned,France,Tablet,3765.52
91fd7d4a-5a31-46a6-9b87-cc5e6d7fe9b2,d5475c92-5825-42e1-8d1f-90ad830a2393,2023-06-15,29762149,Toys,7670.00,1,10%,Bank Transfer,Pending,France,Desktop,6903
60c8e5a0-d560-464c-95f7-792a739ac9e2,b8d08f28-bc50-4aeb-a3d8-5381dcd29168,2023-06-21,65546536,Home,6694.00,4,11%,PayPal,Returned,USA,Mobile,23830.64
d7604342-fcbc-4229-9caf-a108832c9b79,c5b0b3c8-2038-48f6-8cb1-2015624aff3d,2023-07-31,6251239,Clothing,4645.00,4,19%,COD,Returned,UK,Tablet,15049.8
22d80170-1e6c-4d83-a2f6-2516dc88b09c,91b92f8b-8a84-4529-b662-f7edb5b85fb3,2023-12-11,82749071,Electronics,5542.00,4,5%,Credit Card,Delivered,UK,Tablet,21059.6
2ebed37d-05d1-46b6-acee-c38d511fcda9,4e2e2c6e-08e7-4744-a7f3-c30f26e5e2da,2023-03-12,78286191,Toys,5710.00,4,13%,Credit Card,Returned,Germany,Mobile,19870.8
567fec5e-04ea-481d-a006-8c1cbbd743b3,c2ebbadc-8428-4344-b194-8be49de0103a,2023-05-29,93768580,Toys,4273.00,2,6%,PayPal,Returned,Germany,Desktop,8033.24
0b4cba0a-317e-4b1d-9b83-acd5e2ccddd8,35cb60f2-6a75-4179-bd14-f9d493510969,2023-10-12,30049628,Electronics,4671.00,3,15%,COD,Pending,India,Tablet,11911.05
b2e74e77-0fe1-4edf-a538-790169f12ccd,fd642ae2-6434-4207-b415-14cc77fd7fd1,2023-04-26,33969824,Clothing,5451.00,2,5%,COD,Cancelled,Germany,Tablet,10356.9
e963544a-63b7-4101-8bf8-e26a4fae667b,66f0f769-8909-41ba-98fa-547216752b38,2023-11-19,20319038,Toys,8721.00,1,7%,Bank Transfer,Returned,Germany,Desktop,8110.53
cb60fefc-c47e-430e-99b7-02a20d5f024a,7770ca8d-ac69-4006-81b8-4ea71f217475,2023-04-03,91103321,Toys,885.00,1,7%,Bank Transfer,Delivered,UK,Desktop,823.05
eb1c3ba4-5b9e-42d0-ab0c-9fddb61b03e9,08439ba1-2afd-45c3-a748-4ffbbfd9de84,2023-04-13,35686156,Home,2093.00,2,15%,COD,Returned,USA,Desktop,3558.1
688181a8-13d1-4a49-ad46-9bf4d5cf2dc4,185aeb98-3d9f-4e80-bba6-857733964543,2023-12-24,91561855,Electronics,4361.00,1,9%,PayPal,Pending,India,Tablet,3968.51
9aa909f1-5adf-4d04-b0d2-27180dd35d11,11d56acf-680f-45e2-a0c3-6cdd9937f592,2023-07-17,1044027,Toys,2233.00,2,15%,Credit Card,Cancelled,USA,Tablet,3796.1
417df4f8-c1a7-4e00-9ec1-2fa2e6df12ce,366e3cca-8c47-4390-941c-c2bce3352f8b,2023-04-20,15542762,Home,681.00,1,9%,COD,Returned,USA,Desktop,619.71
d95e17e1-900f-42f7-8f4b-4ed5ac1d02e8,7de5b4a3-37ef-473e-b2de-c6d586901942,2023-11-26,33116273,Toys,9567.00,3,12%,Credit Card,Delivered,USA,Mobile,25256.88
2e402534-6987-4052-b421-9d3ecdc39412,dbf9a793-ecb9-4b39-b103-d90417426bd0,2023-04-11,98788200,Toys,6300.00,4,16%,PayPal,Cancelled,Germany,Desktop,21168
439f4b86-cd6a-4e0c-b427-965607db34e0,9a924849-2156-4d5e-8361-50061981f0d4,2023-07-02,10723593,Clothing,4299.00,1,17%,PayPal,Pending,France,Mobile,3568.17
106861d3-633d-4c54-b304-59cc30c42d61,851143e5-93aa-4480-8cdc-538931ffba99,2023-11-30,1884241,Toys,2118.00,2,12%,Credit Card,Delivered,Germany,Desktop,3727.68
06b42b6f-1f94-43c8-98a7-75945b8c4949,99cb37c7-6e7f-4ad2-9efb-00b7a397b217,2023-06-09,56160482,Clothing,8030.00,4,9%,PayPal,Cancelled,UK,Mobile,29229.2
675d0855-2d55-40c9-8576-598359cd012a,e9b74954-a41a-4d31-9d5e-b2d16518020a,2023-03-23,46957405,Books,7234.00,2,8%,Credit Card,Returned,France,Mobile,13310.56